region,scenario,month,price,base_price,price_delta_vs_baseline
CAISO,Carbon_Tax,2023-01-01,37.31322580645163,37.87354838709676,-0.5603225806451348
CAISO,Demand_Growth,2023-01-01,38.65225806451613,37.87354838709676,0.7787096774193714
CAISO,Renewable_Push,2023-01-01,38.622903225806446,37.87354838709676,0.7493548387096851
CAISO,Storage_Focus,2023-01-01,37.88483870967743,37.87354838709676,0.01129032258067042
CAISO,Carbon_Tax,2023-02-01,38.046428571428585,38.24000000000001,-0.19357142857142406
CAISO,Demand_Growth,2023-02-01,38.758214285714295,38.24000000000001,0.5182142857142864
CAISO,Renewable_Push,2023-02-01,38.383214285714295,38.24000000000001,0.1432142857142864
CAISO,Storage_Focus,2023-02-01,38.872857142857136,38.24000000000001,0.6328571428571266
CAISO,Carbon_Tax,2023-03-01,38.48806451612903,38.39387096774193,0.09419354838709637
CAISO,Demand_Growth,2023-03-01,39.364516129032246,38.39387096774193,0.9706451612903138
CAISO,Renewable_Push,2023-03-01,38.359354838709685,38.39387096774193,-0.03451612903224799
CAISO,Storage_Focus,2023-03-01,37.59806451612903,38.39387096774193,-0.7958064516129042
CAISO,Carbon_Tax,2023-04-01,38.131,38.72033333333333,-0.5893333333333288
CAISO,Demand_Growth,2023-04-01,39.568,38.72033333333333,0.8476666666666688
CAISO,Renewable_Push,2023-04-01,38.28533333333333,38.72033333333333,-0.4350000000000023
CAISO,Storage_Focus,2023-04-01,38.87566666666666,38.72033333333333,0.15533333333333132
CAISO,Carbon_Tax,2023-05-01,38.25000000000001,38.40838709677419,-0.1583870967741845
CAISO,Demand_Growth,2023-05-01,38.60870967741935,38.40838709677419,0.20032258064515673
CAISO,Renewable_Push,2023-05-01,38.381612903225815,38.40838709677419,-0.026774193548376957
CAISO,Storage_Focus,2023-05-01,38.402580645161294,38.40838709677419,-0.005806451612897945
CAISO,Carbon_Tax,2023-06-01,37.65566666666666,37.12866666666667,0.5269999999999939
CAISO,Demand_Growth,2023-06-01,38.83866666666667,37.12866666666667,1.7100000000000009
CAISO,Renewable_Push,2023-06-01,37.22966666666667,37.12866666666667,0.10099999999999909
CAISO,Storage_Focus,2023-06-01,37.236000000000004,37.12866666666667,0.10733333333333661
CAISO,Carbon_Tax,2023-07-01,36.337419354838715,37.298709677419346,-0.9612903225806306
CAISO,Demand_Growth,2023-07-01,38.28677419354839,37.298709677419346,0.9880645161290431
CAISO,Renewable_Push,2023-07-01,37.21774193548387,37.298709677419346,-0.08096774193547418
CAISO,Storage_Focus,2023-07-01,37.95903225806452,37.298709677419346,0.6603225806451718
CAISO,Carbon_Tax,2023-08-01,36.38,37.01129032258064,-0.6312903225806394
CAISO,Demand_Growth,2023-08-01,38.303225806451614,37.01129032258064,1.2919354838709722
CAISO,Renewable_Push,2023-08-01,36.715806451612906,37.01129032258064,-0.2954838709677361
CAISO,Storage_Focus,2023-08-01,37.68709677419355,37.01129032258064,0.6758064516129068
CAISO,Carbon_Tax,2023-09-01,36.637333333333345,37.246,-0.6086666666666574
CAISO,Demand_Growth,2023-09-01,37.611000000000004,37.246,0.365000000000002
CAISO,Renewable_Push,2023-09-01,36.596333333333334,37.246,-0.6496666666666684
CAISO,Storage_Focus,2023-09-01,37.10733333333332,37.246,-0.13866666666667982
CAISO,Carbon_Tax,2023-10-01,36.973225806451616,36.749677419354846,0.22354838709676983
CAISO,Demand_Growth,2023-10-01,37.093548387096774,36.749677419354846,0.34387096774192827
CAISO,Renewable_Push,2023-10-01,36.733870967741936,36.749677419354846,-0.015806451612910166
CAISO,Storage_Focus,2023-10-01,36.15451612903226,36.749677419354846,-0.5951612903225865
CAISO,Carbon_Tax,2023-11-01,36.601333333333336,36.38499999999999,0.21633333333334548
CAISO,Demand_Growth,2023-11-01,37.739999999999995,36.38499999999999,1.355000000000004
CAISO,Renewable_Push,2023-11-01,37.306333333333335,36.38499999999999,0.9213333333333438
CAISO,Storage_Focus,2023-11-01,37.40266666666666,36.38499999999999,1.0176666666666705
CAISO,Carbon_Tax,2023-12-01,37.00806451612903,37.01000000000001,-0.0019354838709801925
CAISO,Demand_Growth,2023-12-01,38.3016129032258,37.01000000000001,1.29161290322579
CAISO,Renewable_Push,2023-12-01,37.756451612903234,37.01000000000001,0.7464516129032219
CAISO,Storage_Focus,2023-12-01,37.4858064516129,37.01000000000001,0.4758064516128897
CAISO,Carbon_Tax,2024-01-01,37.40354838709678,38.18064516129032,-0.7770967741935451
CAISO,Demand_Growth,2024-01-01,38.14451612903226,38.18064516129032,-0.03612903225806008
CAISO,Renewable_Push,2024-01-01,37.51838709677419,38.18064516129032,-0.6622580645161307
CAISO,Storage_Focus,2024-01-01,37.661612903225816,38.18064516129032,-0.5190322580645059
CAISO,Carbon_Tax,2024-02-01,38.22241379310345,38.56896551724138,-0.34655172413793167
CAISO,Demand_Growth,2024-02-01,38.69827586206897,38.56896551724138,0.1293103448275872
CAISO,Renewable_Push,2024-02-01,38.31586206896552,38.56896551724138,-0.2531034482758585
CAISO,Storage_Focus,2024-02-01,37.794137931034484,38.56896551724138,-0.7748275862068965
CAISO,Carbon_Tax,2024-03-01,38.32967741935484,37.94516129032258,0.3845161290322565
CAISO,Demand_Growth,2024-03-01,39.35032258064514,37.94516129032258,1.4051612903225603
CAISO,Renewable_Push,2024-03-01,38.085161290322574,37.94516129032258,0.13999999999999346
CAISO,Storage_Focus,2024-03-01,37.85193548387097,37.94516129032258,-0.09322580645161338
CAISO,Carbon_Tax,2024-04-01,37.808666666666674,38.173,-0.3643333333333274
CAISO,Demand_Growth,2024-04-01,39.73766666666666,38.173,1.5646666666666604
CAISO,Renewable_Push,2024-04-01,37.88133333333334,38.173,-0.2916666666666643
CAISO,Storage_Focus,2024-04-01,38.04033333333333,38.173,-0.13266666666667248
CAISO,Carbon_Tax,2024-05-01,37.29677419354839,38.527419354838706,-1.2306451612903189
CAISO,Demand_Growth,2024-05-01,39.02419354838709,38.527419354838706,0.4967741935483829
CAISO,Renewable_Push,2024-05-01,37.93516129032259,38.527419354838706,-0.5922580645161162
CAISO,Storage_Focus,2024-05-01,38.71193548387097,38.527419354838706,0.18451612903226078
CAISO,Carbon_Tax,2024-06-01,38.15099999999999,37.80700000000001,0.3439999999999799
CAISO,Demand_Growth,2024-06-01,38.382,37.80700000000001,0.5749999999999886
CAISO,Renewable_Push,2024-06-01,37.501666666666665,37.80700000000001,-0.3053333333333441
CAISO,Storage_Focus,2024-06-01,37.755666666666656,37.80700000000001,-0.05133333333335344
CAISO,Carbon_Tax,2024-07-01,37.28387096774193,36.846129032258055,0.43774193548387785
CAISO,Demand_Growth,2024-07-01,38.38580645161291,36.846129032258055,1.5396774193548524
CAISO,Renewable_Push,2024-07-01,37.69774193548387,36.846129032258055,0.8516129032258135
CAISO,Storage_Focus,2024-07-01,37.32838709677419,36.846129032258055,0.48225806451613806
CAISO,Carbon_Tax,2024-08-01,36.50258064516129,36.60290322580644,-0.10032258064515531
CAISO,Demand_Growth,2024-08-01,37.75806451612903,36.60290322580644,1.1551612903225887
CAISO,Renewable_Push,2024-08-01,36.818387096774195,36.60290322580644,0.215483870967752
CAISO,Storage_Focus,2024-08-01,36.63322580645163,36.60290322580644,0.03032258064518345
CAISO,Carbon_Tax,2024-09-01,36.663333333333334,36.66133333333333,0.0020000000000024443
CAISO,Demand_Growth,2024-09-01,37.13300000000001,36.66133333333333,0.4716666666666782
CAISO,Renewable_Push,2024-09-01,36.534666666666666,36.66133333333333,-0.12666666666666515
CAISO,Storage_Focus,2024-09-01,36.245666666666665,36.66133333333333,-0.41566666666666663
CAISO,Carbon_Tax,2024-10-01,36.20870967741936,37.12032258064516,-0.9116129032258016
CAISO,Demand_Growth,2024-10-01,37.37064516129032,37.12032258064516,0.250322580645161
CAISO,Renewable_Push,2024-10-01,36.579032258064515,37.12032258064516,-0.5412903225806431
CAISO,Storage_Focus,2024-10-01,37.4058064516129,37.12032258064516,0.2854838709677381
CAISO,Carbon_Tax,2024-11-01,36.53733333333332,37.068999999999996,-0.5316666666666734
CAISO,Demand_Growth,2024-11-01,37.68899999999999,37.068999999999996,0.6199999999999974
CAISO,Renewable_Push,2024-11-01,36.88666666666666,37.068999999999996,-0.18233333333333235
CAISO,Storage_Focus,2024-11-01,37.04833333333333,37.068999999999996,-0.020666666666663502
CAISO,Carbon_Tax,2024-12-01,36.95096774193549,37.88354838709678,-0.9325806451612877
CAISO,Demand_Growth,2024-12-01,37.76774193548387,37.88354838709678,-0.11580645161291159
CAISO,Renewable_Push,2024-12-01,37.17677419354839,37.88354838709678,-0.7067741935483909
CAISO,Storage_Focus,2024-12-01,38.32870967741936,37.88354838709678,0.4451612903225808
CAISO,Carbon_Tax,2025-01-01,37.99935483870968,38.23129032258064,-0.23193548387096286
CAISO,Demand_Growth,2025-01-01,38.544838709677414,38.23129032258064,0.31354838709677324
CAISO,Renewable_Push,2025-01-01,38.38774193548388,38.23129032258064,0.15645161290323983
CAISO,Storage_Focus,2025-01-01,37.638709677419364,38.23129032258064,-0.5925806451612772
CAISO,Carbon_Tax,2025-02-01,37.72035714285714,38.317857142857136,-0.5974999999999966
CAISO,Demand_Growth,2025-02-01,38.830357142857146,38.317857142857136,0.51250000000001
CAISO,Renewable_Push,2025-02-01,37.8025,38.317857142857136,-0.515357142857134
CAISO,Storage_Focus,2025-02-01,38.37142857142857,38.317857142857136,0.0535714285714306
CAISO,Carbon_Tax,2025-03-01,37.957096774193545,38.408709677419345,-0.4516129032258007
CAISO,Demand_Growth,2025-03-01,38.70612903225806,38.408709677419345,0.2974193548387163
CAISO,Renewable_Push,2025-03-01,38.010322580645166,38.408709677419345,-0.3983870967741794
CAISO,Storage_Focus,2025-03-01,38.336451612903225,38.408709677419345,-0.07225806451612016
CAISO,Carbon_Tax,2025-04-01,38.37866666666667,37.930000000000014,0.44866666666665367
CAISO,Demand_Growth,2025-04-01,38.97966666666668,37.930000000000014,1.049666666666667
CAISO,Renewable_Push,2025-04-01,39.26133333333334,37.930000000000014,1.3313333333333262
CAISO,Storage_Focus,2025-04-01,38.379999999999995,37.930000000000014,0.4499999999999815
CAISO,Carbon_Tax,2025-05-01,37.61612903225808,38.0141935483871,-0.3980645161290184
CAISO,Demand_Growth,2025-05-01,38.932580645161295,38.0141935483871,0.9183870967741967
CAISO,Renewable_Push,2025-05-01,38.2341935483871,38.0141935483871,0.21999999999999886
CAISO,Storage_Focus,2025-05-01,38.549677419354836,38.0141935483871,0.5354838709677381
CAISO,Carbon_Tax,2025-06-01,37.48233333333334,37.224000000000004,0.25833333333333286
CAISO,Demand_Growth,2025-06-01,38.851666666666674,37.224000000000004,1.62766666666667
CAISO,Renewable_Push,2025-06-01,37.93433333333333,37.224000000000004,0.7103333333333239
CAISO,Storage_Focus,2025-06-01,37.68866666666668,37.224000000000004,0.4646666666666732
CAISO,Carbon_Tax,2025-07-01,36.69967741935485,37.41935483870967,-0.7196774193548237
CAISO,Demand_Growth,2025-07-01,38.44709677419355,37.41935483870967,1.0277419354838742
CAISO,Renewable_Push,2025-07-01,37.66483870967742,37.41935483870967,0.24548387096774604
CAISO,Storage_Focus,2025-07-01,37.822258064516134,37.41935483870967,0.40290322580646176
CAISO,Carbon_Tax,2025-08-01,36.87419354838709,37.285483870967745,-0.4112903225806548
CAISO,Demand_Growth,2025-08-01,37.60161290322579,37.285483870967745,0.316129032258047
CAISO,Renewable_Push,2025-08-01,36.26516129032258,37.285483870967745,-1.0203225806451641
CAISO,Storage_Focus,2025-08-01,36.94580645161291,37.285483870967745,-0.3396774193548353
CAISO,Carbon_Tax,2025-09-01,36.440000000000005,36.199666666666666,0.24033333333333928
CAISO,Demand_Growth,2025-09-01,37.77066666666668,36.199666666666666,1.5710000000000122
CAISO,Renewable_Push,2025-09-01,36.25666666666667,36.199666666666666,0.05700000000000216
CAISO,Storage_Focus,2025-09-01,37.03233333333334,36.199666666666666,0.8326666666666753
CAISO,Carbon_Tax,2025-10-01,35.26129032258064,36.79354838709678,-1.5322580645161352
CAISO,Demand_Growth,2025-10-01,38.18935483870969,36.79354838709678,1.3958064516129127
CAISO,Renewable_Push,2025-10-01,36.42548387096774,36.79354838709678,-0.36806451612903857
CAISO,Storage_Focus,2025-10-01,37.02225806451613,36.79354838709678,0.22870967741935289
CAISO,Carbon_Tax,2025-11-01,36.18933333333334,36.39233333333333,-0.20299999999999585
CAISO,Demand_Growth,2025-11-01,37.470000000000006,36.39233333333333,1.0776666666666728
CAISO,Renewable_Push,2025-11-01,37.60733333333334,36.39233333333333,1.2150000000000034
CAISO,Storage_Focus,2025-11-01,37.257,36.39233333333333,0.8646666666666647
CAISO,Carbon_Tax,2025-12-01,37.59451612903226,37.15129032258065,0.4432258064516077
CAISO,Demand_Growth,2025-12-01,38.49096774193548,37.15129032258065,1.3396774193548282
CAISO,Renewable_Push,2025-12-01,37.44064516129033,37.15129032258065,0.28935483870967715
CAISO,Storage_Focus,2025-12-01,37.66516129032259,37.15129032258065,0.5138709677419371
ERCOT,Carbon_Tax,2023-01-01,39.24096774193548,39.474516129032274,-0.23354838709679626
ERCOT,Demand_Growth,2023-01-01,40.87806451612902,39.474516129032274,1.4035483870967482
ERCOT,Renewable_Push,2023-01-01,39.08612903225806,39.474516129032274,-0.3883870967742169
ERCOT,Storage_Focus,2023-01-01,39.75645161290323,39.474516129032274,0.2819354838709529
ERCOT,Carbon_Tax,2023-02-01,39.24107142857143,39.536428571428566,-0.2953571428571351
ERCOT,Demand_Growth,2023-02-01,41.05785714285715,39.536428571428566,1.5214285714285865
ERCOT,Renewable_Push,2023-02-01,39.532500000000006,39.536428571428566,-0.003928571428559735
ERCOT,Storage_Focus,2023-02-01,40.12392857142857,39.536428571428566,0.5875000000000057
ERCOT,Carbon_Tax,2023-03-01,39.47193548387097,40.04354838709676,-0.5716129032257911
ERCOT,Demand_Growth,2023-03-01,41.46709677419354,40.04354838709676,1.4235483870967798
ERCOT,Renewable_Push,2023-03-01,39.145806451612906,40.04354838709676,-0.8977419354838574
ERCOT,Storage_Focus,2023-03-01,40.03935483870968,40.04354838709676,-0.004193548387085855
ERCOT,Carbon_Tax,2023-04-01,39.808,39.93533333333333,-0.12733333333333263
ERCOT,Demand_Growth,2023-04-01,41.13466666666667,39.93533333333333,1.1993333333333354
ERCOT,Renewable_Push,2023-04-01,40.17700000000001,39.93533333333333,0.24166666666667425
ERCOT,Storage_Focus,2023-04-01,40.695,39.93533333333333,0.7596666666666678
ERCOT,Carbon_Tax,2023-05-01,39.10193548387096,40.12419354838708,-1.022258064516123
ERCOT,Demand_Growth,2023-05-01,40.579354838709676,40.12419354838708,0.455161290322593
ERCOT,Renewable_Push,2023-05-01,39.473870967741945,40.12419354838708,-0.6503225806451383
ERCOT,Storage_Focus,2023-05-01,39.63870967741936,40.12419354838708,-0.4854838709677267
ERCOT,Carbon_Tax,2023-06-01,38.99866666666667,39.13866666666667,-0.14000000000000057
ERCOT,Demand_Growth,2023-06-01,39.95,39.13866666666667,0.8113333333333301
ERCOT,Renewable_Push,2023-06-01,39.52933333333335,39.13866666666667,0.39066666666667516
ERCOT,Storage_Focus,2023-06-01,39.70466666666667,39.13866666666667,0.5659999999999954
ERCOT,Carbon_Tax,2023-07-01,38.69903225806453,38.80838709677418,-0.10935483870965612
ERCOT,Demand_Growth,2023-07-01,40.031290322580645,38.80838709677418,1.222903225806462
ERCOT,Renewable_Push,2023-07-01,38.734516129032265,38.80838709677418,-0.07387096774191804
ERCOT,Storage_Focus,2023-07-01,39.34225806451613,38.80838709677418,0.5338709677419473
ERCOT,Carbon_Tax,2023-08-01,38.32258064516127,38.21387096774193,0.10870967741933413
ERCOT,Demand_Growth,2023-08-01,39.65096774193549,38.21387096774193,1.4370967741935559
ERCOT,Renewable_Push,2023-08-01,38.195806451612896,38.21387096774193,-0.018064516129037145
ERCOT,Storage_Focus,2023-08-01,38.80774193548386,38.21387096774193,0.5938709677419283
ERCOT,Carbon_Tax,2023-09-01,38.307333333333325,38.740333333333325,-0.43299999999999983
ERCOT,Demand_Growth,2023-09-01,39.34,38.740333333333325,0.5996666666666783
ERCOT,Renewable_Push,2023-09-01,38.449999999999996,38.740333333333325,-0.29033333333332934
ERCOT,Storage_Focus,2023-09-01,38.47799999999999,38.740333333333325,-0.26233333333333775
ERCOT,Carbon_Tax,2023-10-01,38.13903225806451,38.62967741935483,-0.4906451612903169
ERCOT,Demand_Growth,2023-10-01,38.87193548387098,38.62967741935483,0.24225806451615028
ERCOT,Renewable_Push,2023-10-01,38.98838709677418,38.62967741935483,0.35870967741935544
ERCOT,Storage_Focus,2023-10-01,38.62064516129032,38.62967741935483,-0.009032258064507914
ERCOT,Carbon_Tax,2023-11-01,38.73833333333334,38.49466666666667,0.24366666666666958
ERCOT,Demand_Growth,2023-11-01,39.208666666666666,38.49466666666667,0.7139999999999986
ERCOT,Renewable_Push,2023-11-01,38.46133333333332,38.49466666666667,-0.03333333333334565
ERCOT,Storage_Focus,2023-11-01,39.116333333333344,38.49466666666667,0.6216666666666768
ERCOT,Carbon_Tax,2023-12-01,38.466129032258074,38.88129032258065,-0.41516129032257254
ERCOT,Demand_Growth,2023-12-01,40.019999999999996,38.88129032258065,1.1387096774193495
ERCOT,Renewable_Push,2023-12-01,39.03935483870968,38.88129032258065,0.1580645161290306
ERCOT,Storage_Focus,2023-12-01,38.821612903225805,38.88129032258065,-0.05967741935484128
ERCOT,Carbon_Tax,2024-01-01,39.49709677419354,39.522903225806445,-0.025806451612908177
ERCOT,Demand_Growth,2024-01-01,40.65935483870968,39.522903225806445,1.1364516129032367
ERCOT,Renewable_Push,2024-01-01,39.64193548387097,39.522903225806445,0.11903225806452156
ERCOT,Storage_Focus,2024-01-01,39.15258064516129,39.522903225806445,-0.37032258064515844
ERCOT,Carbon_Tax,2024-02-01,39.19655172413794,40.7348275862069,-1.5382758620689572
ERCOT,Demand_Growth,2024-02-01,41.67206896551725,40.7348275862069,0.9372413793103505
ERCOT,Renewable_Push,2024-02-01,39.05896551724138,40.7348275862069,-1.6758620689655146
ERCOT,Storage_Focus,2024-02-01,39.65310344827586,40.7348275862069,-1.0817241379310403
ERCOT,Carbon_Tax,2024-03-01,39.67967741935483,39.30935483870968,0.37032258064515133
ERCOT,Demand_Growth,2024-03-01,41.18000000000001,39.30935483870968,1.8706451612903265
ERCOT,Renewable_Push,2024-03-01,39.87612903225808,39.30935483870968,0.5667741935483974
ERCOT,Storage_Focus,2024-03-01,39.63225806451614,39.30935483870968,0.32290322580645636
ERCOT,Carbon_Tax,2024-04-01,39.66266666666666,40.265,-0.6023333333333412
ERCOT,Demand_Growth,2024-04-01,40.54766666666667,40.265,0.28266666666667106
ERCOT,Renewable_Push,2024-04-01,39.486666666666665,40.265,-0.778333333333336
ERCOT,Storage_Focus,2024-04-01,40.587666666666664,40.265,0.3226666666666631
ERCOT,Carbon_Tax,2024-05-01,38.39645161290323,40.48645161290323,-2.0900000000000034
ERCOT,Demand_Growth,2024-05-01,40.35838709677419,40.48645161290323,-0.12806451612904368
ERCOT,Renewable_Push,2024-05-01,39.429677419354846,40.48645161290323,-1.0567741935483852
ERCOT,Storage_Focus,2024-05-01,39.517096774193554,40.48645161290323,-0.9693548387096769
ERCOT,Carbon_Tax,2024-06-01,38.534,39.102999999999994,-0.5689999999999955
ERCOT,Demand_Growth,2024-06-01,40.977000000000004,39.102999999999994,1.8740000000000094
ERCOT,Renewable_Push,2024-06-01,39.035000000000004,39.102999999999994,-0.06799999999999073
ERCOT,Storage_Focus,2024-06-01,39.850666666666676,39.102999999999994,0.7476666666666816
ERCOT,Carbon_Tax,2024-07-01,38.542903225806455,38.15612903225807,0.3867741935483835
ERCOT,Demand_Growth,2024-07-01,39.80516129032258,38.15612903225807,1.6490322580645085
ERCOT,Renewable_Push,2024-07-01,39.15709677419355,38.15612903225807,1.0009677419354759
ERCOT,Storage_Focus,2024-07-01,39.07419354838709,38.15612903225807,0.9180645161290215
ERCOT,Carbon_Tax,2024-08-01,37.854838709677416,37.96709677419354,-0.11225806451612641
ERCOT,Demand_Growth,2024-08-01,39.694193548387105,37.96709677419354,1.7270967741935621
ERCOT,Renewable_Push,2024-08-01,38.17161290322582,37.96709677419354,0.20451612903227812
ERCOT,Storage_Focus,2024-08-01,37.82064516129032,37.96709677419354,-0.1464516129032205
ERCOT,Carbon_Tax,2024-09-01,37.54933333333333,37.92466666666667,-0.3753333333333373
ERCOT,Demand_Growth,2024-09-01,39.253,37.92466666666667,1.3283333333333331
ERCOT,Renewable_Push,2024-09-01,38.18866666666666,37.92466666666667,0.2639999999999958
ERCOT,Storage_Focus,2024-09-01,38.05533333333333,37.92466666666667,0.13066666666666293
ERCOT,Carbon_Tax,2024-10-01,38.26870967741935,38.00322580645161,0.26548387096774206
ERCOT,Demand_Growth,2024-10-01,39.11258064516128,38.00322580645161,1.1093548387096703
ERCOT,Renewable_Push,2024-10-01,38.427419354838705,38.00322580645161,0.42419354838709467
ERCOT,Storage_Focus,2024-10-01,38.34870967741935,38.00322580645161,0.34548387096774036
ERCOT,Carbon_Tax,2024-11-01,38.37833333333334,39.141333333333336,-0.7629999999999981
ERCOT,Demand_Growth,2024-11-01,39.60800000000001,39.141333333333336,0.46666666666667567
ERCOT,Renewable_Push,2024-11-01,38.73233333333333,39.141333333333336,-0.409000000000006
ERCOT,Storage_Focus,2024-11-01,38.31066666666667,39.141333333333336,-0.8306666666666658
ERCOT,Carbon_Tax,2024-12-01,38.059677419354834,39.09516129032259,-1.0354838709677523
ERCOT,Demand_Growth,2024-12-01,39.71709677419356,39.09516129032259,0.6219354838709705
ERCOT,Renewable_Push,2024-12-01,39.130322580645164,39.09516129032259,0.03516129032257709
ERCOT,Storage_Focus,2024-12-01,38.779999999999994,39.09516129032259,-0.31516129032259244
ERCOT,Carbon_Tax,2025-01-01,38.9741935483871,39.60387096774193,-0.6296774193548345
ERCOT,Demand_Growth,2025-01-01,40.314838709677424,39.60387096774193,0.710967741935491
ERCOT,Renewable_Push,2025-01-01,39.747096774193544,39.60387096774193,0.14322580645161054
ERCOT,Storage_Focus,2025-01-01,39.42580645161291,39.60387096774193,-0.17806451612902663
ERCOT,Carbon_Tax,2025-02-01,39.098214285714285,39.879999999999995,-0.7817857142857108
ERCOT,Demand_Growth,2025-02-01,41.16892857142857,39.879999999999995,1.2889285714285776
ERCOT,Renewable_Push,2025-02-01,40.22071428571429,39.879999999999995,0.3407142857142915
ERCOT,Storage_Focus,2025-02-01,39.66321428571428,39.879999999999995,-0.21678571428571303
ERCOT,Carbon_Tax,2025-03-01,39.73290322580646,40.04774193548387,-0.3148387096774101
ERCOT,Demand_Growth,2025-03-01,40.7783870967742,40.04774193548387,0.7306451612903331
ERCOT,Renewable_Push,2025-03-01,40.238064516129036,40.04774193548387,0.19032258064516583
ERCOT,Storage_Focus,2025-03-01,40.29258064516129,40.04774193548387,0.24483870967741694
ERCOT,Carbon_Tax,2025-04-01,39.82033333333334,39.581999999999994,0.23833333333334394
ERCOT,Demand_Growth,2025-04-01,40.924666666666674,39.581999999999994,1.3426666666666804
ERCOT,Renewable_Push,2025-04-01,39.595333333333336,39.581999999999994,0.013333333333342523
ERCOT,Storage_Focus,2025-04-01,39.87966666666666,39.581999999999994,0.2976666666666645
ERCOT,Carbon_Tax,2025-05-01,39.02322580645162,39.5732258064516,-0.549999999999983
ERCOT,Demand_Growth,2025-05-01,40.72,39.5732258064516,1.1467741935483957
ERCOT,Renewable_Push,2025-05-01,39.45129032258066,39.5732258064516,-0.12193548387094211
ERCOT,Storage_Focus,2025-05-01,39.54935483870968,39.5732258064516,-0.02387096774192088
ERCOT,Carbon_Tax,2025-06-01,38.76200000000001,39.41,-0.647999999999989
ERCOT,Demand_Growth,2025-06-01,40.11300000000001,39.41,0.7030000000000101
ERCOT,Renewable_Push,2025-06-01,39.34733333333333,39.41,-0.0626666666666651
ERCOT,Storage_Focus,2025-06-01,38.98266666666667,39.41,-0.4273333333333298
ERCOT,Carbon_Tax,2025-07-01,38.0416129032258,39.38322580645162,-1.3416129032258226
ERCOT,Demand_Growth,2025-07-01,39.823870967741925,39.38322580645162,0.4406451612903055
ERCOT,Renewable_Push,2025-07-01,38.26774193548387,39.38322580645162,-1.1154838709677506
ERCOT,Storage_Focus,2025-07-01,39.24709677419355,39.38322580645162,-0.1361290322580686
ERCOT,Carbon_Tax,2025-08-01,37.81193548387097,39.00645161290322,-1.1945161290322517
ERCOT,Demand_Growth,2025-08-01,39.60709677419355,39.00645161290322,0.6006451612903305
ERCOT,Renewable_Push,2025-08-01,38.259354838709676,39.00645161290322,-0.7470967741935439
ERCOT,Storage_Focus,2025-08-01,38.061935483870954,39.00645161290322,-0.9445161290322659
ERCOT,Carbon_Tax,2025-09-01,37.99333333333334,38.916333333333334,-0.9229999999999947
ERCOT,Demand_Growth,2025-09-01,39.773666666666664,38.916333333333334,0.8573333333333295
ERCOT,Renewable_Push,2025-09-01,38.10166666666668,38.916333333333334,-0.8146666666666533
ERCOT,Storage_Focus,2025-09-01,38.636333333333326,38.916333333333334,-0.28000000000000824
ERCOT,Carbon_Tax,2025-10-01,37.94838709677419,38.50096774193549,-0.5525806451612993
ERCOT,Demand_Growth,2025-10-01,39.46193548387097,38.50096774193549,0.9609677419354767
ERCOT,Renewable_Push,2025-10-01,38.124838709677434,38.50096774193549,-0.3761290322580564
ERCOT,Storage_Focus,2025-10-01,37.93935483870968,38.50096774193549,-0.5616129032258073
ERCOT,Carbon_Tax,2025-11-01,38.666000000000004,38.916000000000004,-0.25
ERCOT,Demand_Growth,2025-11-01,39.14999999999999,38.916000000000004,0.23399999999998755
ERCOT,Renewable_Push,2025-11-01,38.282000000000004,38.916000000000004,-0.6340000000000003
ERCOT,Storage_Focus,2025-11-01,39.078666666666656,38.916000000000004,0.1626666666666523
ERCOT,Carbon_Tax,2025-12-01,38.72193548387096,38.94322580645161,-0.22129032258064996
ERCOT,Demand_Growth,2025-12-01,40.215483870967745,38.94322580645161,1.2722580645161372
ERCOT,Renewable_Push,2025-12-01,38.26645161290323,38.94322580645161,-0.6767741935483755
ERCOT,Storage_Focus,2025-12-01,39.41645161290324,38.94322580645161,0.47322580645163015
NYISO,Carbon_Tax,2023-01-01,36.10967741935484,35.693548387096776,0.41612903225806264
NYISO,Demand_Growth,2023-01-01,36.5216129032258,35.693548387096776,0.8280645161290252
NYISO,Renewable_Push,2023-01-01,35.751612903225805,35.693548387096776,0.05806451612902919
NYISO,Storage_Focus,2023-01-01,35.74096774193549,35.693548387096776,0.04741935483871629
NYISO,Carbon_Tax,2023-02-01,36.04607142857143,36.43357142857143,-0.38750000000000284
NYISO,Demand_Growth,2023-02-01,36.975,36.43357142857143,0.5414285714285683
NYISO,Renewable_Push,2023-02-01,36.45892857142858,36.43357142857143,0.025357142857146187
NYISO,Storage_Focus,2023-02-01,36.29928571428571,36.43357142857143,-0.1342857142857241
NYISO,Carbon_Tax,2023-03-01,36.20967741935484,37.13580645161291,-0.9261290322580678
NYISO,Demand_Growth,2023-03-01,37.21677419354839,37.13580645161291,0.08096774193548129
NYISO,Renewable_Push,2023-03-01,36.10967741935484,37.13580645161291,-1.0261290322580692
NYISO,Storage_Focus,2023-03-01,36.87354838709678,37.13580645161291,-0.262258064516125
NYISO,Carbon_Tax,2023-04-01,36.416000000000004,36.25566666666666,0.160333333333341
NYISO,Demand_Growth,2023-04-01,36.998666666666665,36.25566666666666,0.7430000000000021
NYISO,Renewable_Push,2023-04-01,36.479,36.25566666666666,0.22333333333333627
NYISO,Storage_Focus,2023-04-01,36.566666666666656,36.25566666666666,0.31099999999999284
NYISO,Carbon_Tax,2023-05-01,35.92741935483871,36.72451612903226,-0.7970967741935482
NYISO,Demand_Growth,2023-05-01,37.33451612903226,36.72451612903226,0.6099999999999994
NYISO,Renewable_Push,2023-05-01,35.56806451612902,36.72451612903226,-1.1564516129032398
NYISO,Storage_Focus,2023-05-01,36.19387096774193,36.72451612903226,-0.5306451612903302
NYISO,Carbon_Tax,2023-06-01,35.55300000000001,36.20333333333333,-0.6503333333333217
NYISO,Demand_Growth,2023-06-01,36.36900000000001,36.20333333333333,0.16566666666667373
NYISO,Renewable_Push,2023-06-01,35.84666666666667,36.20333333333333,-0.356666666666662
NYISO,Storage_Focus,2023-06-01,34.94033333333334,36.20333333333333,-1.262999999999991
NYISO,Carbon_Tax,2023-07-01,35.42258064516129,35.59193548387096,-0.1693548387096726
NYISO,Demand_Growth,2023-07-01,36.413548387096775,35.59193548387096,0.8216129032258124
NYISO,Renewable_Push,2023-07-01,35.280322580645155,35.59193548387096,-0.31161290322580726
NYISO,Storage_Focus,2023-07-01,35.07677419354839,35.59193548387096,-0.515161290322574
NYISO,Carbon_Tax,2023-08-01,34.506129032258066,35.173225806451626,-0.6670967741935598
NYISO,Demand_Growth,2023-08-01,34.93612903225806,35.173225806451626,-0.23709677419356723
NYISO,Renewable_Push,2023-08-01,35.25870967741936,35.173225806451626,0.08548387096773524
NYISO,Storage_Focus,2023-08-01,35.36806451612903,35.173225806451626,0.19483870967740557
NYISO,Carbon_Tax,2023-09-01,33.65966666666666,35.068333333333335,-1.4086666666666758
NYISO,Demand_Growth,2023-09-01,35.18633333333333,35.068333333333335,0.117999999999995
NYISO,Renewable_Push,2023-09-01,35.193666666666665,35.068333333333335,0.1253333333333302
NYISO,Storage_Focus,2023-09-01,34.73966666666666,35.068333333333335,-0.32866666666667754
NYISO,Carbon_Tax,2023-10-01,34.42967741935483,34.200967741935486,0.22870967741934578
NYISO,Demand_Growth,2023-10-01,35.96258064516129,34.200967741935486,1.761612903225803
NYISO,Renewable_Push,2023-10-01,34.74258064516129,34.200967741935486,0.5416129032258041
NYISO,Storage_Focus,2023-10-01,35.12709677419354,34.200967741935486,0.9261290322580535
NYISO,Carbon_Tax,2023-11-01,35.36266666666668,34.41866666666667,0.9440000000000097
NYISO,Demand_Growth,2023-11-01,36.17366666666667,34.41866666666667,1.7550000000000026
NYISO,Renewable_Push,2023-11-01,34.91733333333333,34.41866666666667,0.49866666666666504
NYISO,Storage_Focus,2023-11-01,34.559333333333335,34.41866666666667,0.14066666666666805
NYISO,Carbon_Tax,2023-12-01,34.92419354838709,35.69548387096775,-0.7712903225806613
NYISO,Demand_Growth,2023-12-01,36.85935483870967,35.69548387096775,1.1638709677419214
NYISO,Renewable_Push,2023-12-01,36.417096774193546,35.69548387096775,0.7216129032257967
NYISO,Storage_Focus,2023-12-01,35.78451612903226,35.69548387096775,0.08903225806451331
NYISO,Carbon_Tax,2024-01-01,36.183870967741946,36.6583870967742,-0.4745161290322528
NYISO,Demand_Growth,2024-01-01,37.064838709677424,36.6583870967742,0.4064516129032256
NYISO,Renewable_Push,2024-01-01,36.14032258064516,36.6583870967742,-0.5180645161290371
NYISO,Storage_Focus,2024-01-01,35.60709677419356,36.6583870967742,-1.0512903225806411
NYISO,Carbon_Tax,2024-02-01,35.93275862068966,36.43689655172414,-0.504137931034478
NYISO,Demand_Growth,2024-02-01,36.958275862068966,36.43689655172414,0.5213793103448268
NYISO,Renewable_Push,2024-02-01,36.07068965517242,36.43689655172414,-0.36620689655171645
NYISO,Storage_Focus,2024-02-01,36.71379310344827,36.43689655172414,0.2768965517241284
NYISO,Carbon_Tax,2024-03-01,35.854516129032255,36.47645161290322,-0.6219354838709634
NYISO,Demand_Growth,2024-03-01,37.927741935483866,36.47645161290322,1.4512903225806468
NYISO,Renewable_Push,2024-03-01,37.07096774193549,36.47645161290322,0.5945161290322716
NYISO,Storage_Focus,2024-03-01,36.67,36.47645161290322,0.1935483870967829
NYISO,Carbon_Tax,2024-04-01,35.916000000000004,36.96266666666667,-1.0466666666666669
NYISO,Demand_Growth,2024-04-01,37.326666666666675,36.96266666666667,0.3640000000000043
NYISO,Renewable_Push,2024-04-01,36.246,36.96266666666667,-0.7166666666666686
NYISO,Storage_Focus,2024-04-01,36.449000000000005,36.96266666666667,-0.5136666666666656
NYISO,Carbon_Tax,2024-05-01,35.50483870967743,36.41516129032258,-0.9103225806451505
NYISO,Demand_Growth,2024-05-01,36.75193548387096,36.41516129032258,0.33677419354837923
NYISO,Renewable_Push,2024-05-01,36.11612903225806,36.41516129032258,-0.2990322580645213
NYISO,Storage_Focus,2024-05-01,36.41741935483872,36.41516129032258,0.0022580645161411894
NYISO,Carbon_Tax,2024-06-01,35.198,35.27966666666668,-0.08166666666667766
NYISO,Demand_Growth,2024-06-01,36.57966666666666,35.27966666666668,1.299999999999983
NYISO,Renewable_Push,2024-06-01,35.471999999999994,35.27966666666668,0.19233333333331615
NYISO,Storage_Focus,2024-06-01,35.746,35.27966666666668,0.46633333333332416
NYISO,Carbon_Tax,2024-07-01,35.08483870967742,35.67064516129033,-0.5858064516129105
NYISO,Demand_Growth,2024-07-01,35.97774193548387,35.67064516129033,0.3070967741935391
NYISO,Renewable_Push,2024-07-01,34.91483870967741,35.67064516129033,-0.7558064516129193
NYISO,Storage_Focus,2024-07-01,35.326129032258066,35.67064516129033,-0.3445161290322645
NYISO,Carbon_Tax,2024-08-01,34.622903225806446,34.85709677419355,-0.23419354838710404
NYISO,Demand_Growth,2024-08-01,35.81677419354839,34.85709677419355,0.9596774193548399
NYISO,Renewable_Push,2024-08-01,35.219032258064516,34.85709677419355,0.3619354838709654
NYISO,Storage_Focus,2024-08-01,34.64806451612903,34.85709677419355,-0.20903225806451786
NYISO,Carbon_Tax,2024-09-01,35.00966666666667,34.58,0.42966666666666953
NYISO,Demand_Growth,2024-09-01,35.608,34.58,1.0279999999999987
NYISO,Renewable_Push,2024-09-01,34.83933333333333,34.58,0.25933333333333053
NYISO,Storage_Focus,2024-09-01,34.606,34.58,0.026000000000003354
NYISO,Carbon_Tax,2024-10-01,34.89032258064517,34.47129032258065,0.4190322580645187
NYISO,Demand_Growth,2024-10-01,35.476774193548394,34.47129032258065,1.005483870967744
NYISO,Renewable_Push,2024-10-01,34.50709677419355,34.47129032258065,0.03580645161289908
NYISO,Storage_Focus,2024-10-01,34.935806451612905,34.47129032258065,0.4645161290322548
NYISO,Carbon_Tax,2024-11-01,35.192,34.67733333333334,0.5146666666666633
NYISO,Demand_Growth,2024-11-01,36.06466666666667,34.67733333333334,1.3873333333333306
NYISO,Renewable_Push,2024-11-01,35.87233333333333,34.67733333333334,1.1949999999999932
NYISO,Storage_Focus,2024-11-01,35.35766666666667,34.67733333333334,0.6803333333333299
NYISO,Carbon_Tax,2024-12-01,34.45516129032258,36.139032258064525,-1.683870967741946
NYISO,Demand_Growth,2024-12-01,36.085483870967735,36.139032258064525,-0.05354838709678944
NYISO,Renewable_Push,2024-12-01,35.151612903225804,36.139032258064525,-0.9874193548387211
NYISO,Storage_Focus,2024-12-01,35.70225806451613,36.139032258064525,-0.43677419354839486
NYISO,Carbon_Tax,2025-01-01,35.75548387096774,36.0458064516129,-0.29032258064516014
NYISO,Demand_Growth,2025-01-01,36.21451612903226,36.0458064516129,0.16870967741936482
NYISO,Renewable_Push,2025-01-01,35.62419354838709,36.0458064516129,-0.4216129032258067
NYISO,Storage_Focus,2025-01-01,36.01903225806452,36.0458064516129,-0.026774193548376957
NYISO,Carbon_Tax,2025-02-01,35.38607142857142,36.356071428571425,-0.970000000000006
NYISO,Demand_Growth,2025-02-01,37.21071428571429,36.356071428571425,0.8546428571428635
NYISO,Renewable_Push,2025-02-01,36.88428571428572,36.356071428571425,0.5282142857142915
NYISO,Storage_Focus,2025-02-01,37.14535714285715,36.356071428571425,0.7892857142857252
NYISO,Carbon_Tax,2025-03-01,36.236451612903224,35.99161290322581,0.24483870967741694
NYISO,Demand_Growth,2025-03-01,37.277419354838706,35.99161290322581,1.285806451612899
NYISO,Renewable_Push,2025-03-01,36.45096774193548,35.99161290322581,0.45935483870967175
NYISO,Storage_Focus,2025-03-01,36.52645161290322,35.99161290322581,0.5348387096774161
NYISO,Carbon_Tax,2025-04-01,36.29466666666667,36.46866666666666,-0.17399999999998528
NYISO,Demand_Growth,2025-04-01,37.43866666666666,36.46866666666666,0.970000000000006
NYISO,Renewable_Push,2025-04-01,36.391,36.46866666666666,-0.07766666666665856
NYISO,Storage_Focus,2025-04-01,36.18533333333334,36.46866666666666,-0.2833333333333172
NYISO,Carbon_Tax,2025-05-01,35.75709677419356,35.63,0.1270967741935607
NYISO,Demand_Growth,2025-05-01,37.37516129032257,35.63,1.7451612903225708
NYISO,Renewable_Push,2025-05-01,36.256129032258066,35.63,0.6261290322580635
NYISO,Storage_Focus,2025-05-01,35.957096774193545,35.63,0.3270967741935422
NYISO,Carbon_Tax,2025-06-01,35.555,36.263333333333335,-0.7083333333333357
NYISO,Demand_Growth,2025-06-01,36.29166666666666,36.263333333333335,0.028333333333321775
NYISO,Renewable_Push,2025-06-01,35.46233333333334,36.263333333333335,-0.8009999999999948
NYISO,Storage_Focus,2025-06-01,34.971999999999994,36.263333333333335,-1.2913333333333412
NYISO,Carbon_Tax,2025-07-01,34.85548387096774,35.22322580645161,-0.36774193548387046
NYISO,Demand_Growth,2025-07-01,36.642580645161296,35.22322580645161,1.4193548387096868
NYISO,Renewable_Push,2025-07-01,35.61290322580645,35.22322580645161,0.38967741935483957
NYISO,Storage_Focus,2025-07-01,35.17612903225807,35.22322580645161,-0.04709677419354108
NYISO,Carbon_Tax,2025-08-01,34.6941935483871,34.89290322580646,-0.19870967741935885
NYISO,Demand_Growth,2025-08-01,35.914838709677426,34.89290322580646,1.021935483870969
NYISO,Renewable_Push,2025-08-01,34.52645161290322,34.89290322580646,-0.3664516129032336
NYISO,Storage_Focus,2025-08-01,34.59258064516129,34.89290322580646,-0.30032258064516526
NYISO,Carbon_Tax,2025-09-01,34.89266666666666,34.80066666666666,0.09200000000000585
NYISO,Demand_Growth,2025-09-01,34.63266666666666,34.80066666666666,-0.16799999999999926
NYISO,Renewable_Push,2025-09-01,34.38399999999999,34.80066666666666,-0.4166666666666643
NYISO,Storage_Focus,2025-09-01,34.376,34.80066666666666,-0.42466666666665986
NYISO,Carbon_Tax,2025-10-01,34.473870967741924,34.215161290322584,0.2587096774193398
NYISO,Demand_Growth,2025-10-01,35.57580645161289,34.215161290322584,1.3606451612903072
NYISO,Renewable_Push,2025-10-01,34.906129032258065,34.215161290322584,0.6909677419354807
NYISO,Storage_Focus,2025-10-01,34.90354838709678,34.215161290322584,0.6883870967741927
NYISO,Carbon_Tax,2025-11-01,35.17266666666667,35.27599999999999,-0.10333333333331751
NYISO,Demand_Growth,2025-11-01,35.48766666666667,35.27599999999999,0.21166666666668021
NYISO,Renewable_Push,2025-11-01,34.794666666666664,35.27599999999999,-0.48133333333332473
NYISO,Storage_Focus,2025-11-01,34.98766666666666,35.27599999999999,-0.2883333333333269
NYISO,Carbon_Tax,2025-12-01,34.83129032258064,35.45903225806451,-0.6277419354838685
NYISO,Demand_Growth,2025-12-01,36.39161290322581,35.45903225806451,0.9325806451613019
NYISO,Renewable_Push,2025-12-01,35.39677419354839,35.45903225806451,-0.06225806451612215
NYISO,Storage_Focus,2025-12-01,35.70677419354839,35.45903225806451,0.24774193548388013
PJM,Carbon_Tax,2023-01-01,40.80677419354839,40.88096774193549,-0.07419354838710035
PJM,Demand_Growth,2023-01-01,42.202258064516144,40.88096774193549,1.3212903225806514
PJM,Renewable_Push,2023-01-01,41.3974193548387,40.88096774193549,0.5164516129032108
PJM,Storage_Focus,2023-01-01,41.4883870967742,40.88096774193549,0.6074193548387044
PJM,Carbon_Tax,2023-02-01,40.67571428571428,41.20821428571429,-0.5325000000000131
PJM,Demand_Growth,2023-02-01,42.928928571428564,41.20821428571429,1.7207142857142728
PJM,Renewable_Push,2023-02-01,41.46035714285714,41.20821428571429,0.2521428571428501
PJM,Storage_Focus,2023-02-01,40.995357142857145,41.20821428571429,-0.2128571428571462
PJM,Carbon_Tax,2023-03-01,41.37580645161292,41.806129032258056,-0.4303225806451394
PJM,Demand_Growth,2023-03-01,42.69645161290323,41.806129032258056,0.8903225806451758
PJM,Renewable_Push,2023-03-01,41.23870967741936,41.806129032258056,-0.5674193548386981
PJM,Storage_Focus,2023-03-01,41.314516129032256,41.806129032258056,-0.49161290322579987
PJM,Carbon_Tax,2023-04-01,41.52433333333333,41.330000000000005,0.1943333333333257
PJM,Demand_Growth,2023-04-01,42.773333333333326,41.330000000000005,1.443333333333321
PJM,Renewable_Push,2023-04-01,41.38066666666667,41.330000000000005,0.05066666666666464
PJM,Storage_Focus,2023-04-01,41.629666666666665,41.330000000000005,0.29966666666665986
PJM,Carbon_Tax,2023-05-01,41.18064516129032,41.303870967741936,-0.12322580645161452
PJM,Demand_Growth,2023-05-01,42.921935483870975,41.303870967741936,1.6180645161290386
PJM,Renewable_Push,2023-05-01,41.33225806451612,41.303870967741936,0.02838709677418194
PJM,Storage_Focus,2023-05-01,41.13451612903226,41.303870967741936,-0.1693548387096797
PJM,Carbon_Tax,2023-06-01,40.47066666666667,41.558,-1.0873333333333264
PJM,Demand_Growth,2023-06-01,42.533,41.558,0.9750000000000014
PJM,Renewable_Push,2023-06-01,41.11566666666666,41.558,-0.44233333333333746
PJM,Storage_Focus,2023-06-01,41.321666666666665,41.558,-0.2363333333333344
PJM,Carbon_Tax,2023-07-01,40.15677419354839,41.058064516129036,-0.9012903225806497
PJM,Demand_Growth,2023-07-01,41.92096774193548,41.058064516129036,0.8629032258064413
PJM,Renewable_Push,2023-07-01,40.73483870967743,41.058064516129036,-0.32322580645160315
PJM,Storage_Focus,2023-07-01,40.63774193548387,41.058064516129036,-0.4203225806451698
PJM,Carbon_Tax,2023-08-01,39.97419354838709,40.477419354838716,-0.5032258064516242
PJM,Demand_Growth,2023-08-01,41.84258064516129,40.477419354838716,1.3651612903225754
PJM,Renewable_Push,2023-08-01,40.17741935483871,40.477419354838716,-0.30000000000000426
PJM,Storage_Focus,2023-08-01,40.45322580645162,40.477419354838716,-0.024193548387096087
PJM,Carbon_Tax,2023-09-01,39.912,40.39633333333333,-0.48433333333333195
PJM,Demand_Growth,2023-09-01,41.31566666666667,40.39633333333333,0.9193333333333413
PJM,Renewable_Push,2023-09-01,39.533666666666676,40.39633333333333,-0.8626666666666551
PJM,Storage_Focus,2023-09-01,39.50433333333332,40.39633333333333,-0.8920000000000101
PJM,Carbon_Tax,2023-10-01,39.52967741935484,40.41193548387097,-0.8822580645161295
PJM,Demand_Growth,2023-10-01,40.85709677419355,40.41193548387097,0.4451612903225808
PJM,Renewable_Push,2023-10-01,39.55806451612903,40.41193548387097,-0.8538709677419405
PJM,Storage_Focus,2023-10-01,40.22483870967743,40.41193548387097,-0.18709677419354165
PJM,Carbon_Tax,2023-11-01,39.45,40.13066666666667,-0.6806666666666672
PJM,Demand_Growth,2023-11-01,41.33233333333333,40.13066666666667,1.2016666666666609
PJM,Renewable_Push,2023-11-01,40.05133333333334,40.13066666666667,-0.07933333333333081
PJM,Storage_Focus,2023-11-01,40.326666666666675,40.13066666666667,0.19600000000000506
PJM,Carbon_Tax,2023-12-01,40.615161290322575,40.821290322580644,-0.2061290322580689
PJM,Demand_Growth,2023-12-01,41.80193548387096,40.821290322580644,0.9806451612903189
PJM,Renewable_Push,2023-12-01,40.708387096774196,40.821290322580644,-0.1129032258064484
PJM,Storage_Focus,2023-12-01,40.65354838709677,40.821290322580644,-0.16774193548387473
PJM,Carbon_Tax,2024-01-01,41.10838709677418,41.210967741935484,-0.10258064516130361
PJM,Demand_Growth,2024-01-01,41.97612903225807,41.210967741935484,0.7651612903225882
PJM,Renewable_Push,2024-01-01,41.529999999999994,41.210967741935484,0.3190322580645102
PJM,Storage_Focus,2024-01-01,41.30322580645162,41.210967741935484,0.0922580645161375
PJM,Carbon_Tax,2024-02-01,41.40896551724139,41.54379310344827,-0.13482758620688173
PJM,Demand_Growth,2024-02-01,42.14,41.54379310344827,0.5962068965517275
PJM,Renewable_Push,2024-02-01,41.82275862068964,41.54379310344827,0.2789655172413674
PJM,Storage_Focus,2024-02-01,41.798965517241385,41.54379310344827,0.25517241379311173
PJM,Carbon_Tax,2024-03-01,41.28161290322582,42.451290322580654,-1.1696774193548336
PJM,Demand_Growth,2024-03-01,42.538709677419355,42.451290322580654,0.08741935483870122
PJM,Renewable_Push,2024-03-01,41.74,42.451290322580654,-0.711290322580652
PJM,Storage_Focus,2024-03-01,41.972258064516126,42.451290322580654,-0.4790322580645281
PJM,Carbon_Tax,2024-04-01,41.82333333333334,41.635999999999996,0.187333333333342
PJM,Demand_Growth,2024-04-01,42.50066666666667,41.635999999999996,0.8646666666666718
PJM,Renewable_Push,2024-04-01,41.37833333333334,41.635999999999996,-0.2576666666666583
PJM,Storage_Focus,2024-04-01,41.69499999999998,41.635999999999996,0.05899999999998329
PJM,Carbon_Tax,2024-05-01,40.80064516129032,41.49,-0.6893548387096828
PJM,Demand_Growth,2024-05-01,42.723870967741945,41.49,1.233870967741943
PJM,Renewable_Push,2024-05-01,41.27870967741936,41.49,-0.21129032258064484
PJM,Storage_Focus,2024-05-01,41.98451612903225,41.49,0.49451612903224884
PJM,Carbon_Tax,2024-06-01,40.43899999999999,40.934666666666665,-0.49566666666667203
PJM,Demand_Growth,2024-06-01,42.04933333333335,40.934666666666665,1.114666666666686
PJM,Renewable_Push,2024-06-01,41.02166666666667,40.934666666666665,0.0870000000000033
PJM,Storage_Focus,2024-06-01,40.886666666666656,40.934666666666665,-0.048000000000008924
PJM,Carbon_Tax,2024-07-01,39.768387096774205,40.55387096774193,-0.7854838709677239
PJM,Demand_Growth,2024-07-01,41.803225806451614,40.55387096774193,1.2493548387096851
PJM,Renewable_Push,2024-07-01,40.73387096774194,40.55387096774193,0.18000000000001393
PJM,Storage_Focus,2024-07-01,40.3774193548387,40.55387096774193,-0.17645161290322875
PJM,Carbon_Tax,2024-08-01,39.87612903225807,40.42516129032257,-0.5490322580645
PJM,Demand_Growth,2024-08-01,41.09322580645161,40.42516129032257,0.6680645161290428
PJM,Renewable_Push,2024-08-01,40.37451612903225,40.42516129032257,-0.05064516129031915
PJM,Storage_Focus,2024-08-01,39.871935483870956,40.42516129032257,-0.5532258064516142
PJM,Carbon_Tax,2024-09-01,40.306333333333335,39.948666666666675,0.3576666666666597
PJM,Demand_Growth,2024-09-01,40.76933333333332,39.948666666666675,0.8206666666666464
PJM,Renewable_Push,2024-09-01,39.72533333333333,39.948666666666675,-0.22333333333334338
PJM,Storage_Focus,2024-09-01,39.537666666666674,39.948666666666675,-0.41100000000000136
PJM,Carbon_Tax,2024-10-01,40.08612903225805,40.29129032258065,-0.2051612903226001
PJM,Demand_Growth,2024-10-01,41.615161290322575,40.29129032258065,1.3238709677419251
PJM,Renewable_Push,2024-10-01,39.71290322580646,40.29129032258065,-0.5783870967741933
PJM,Storage_Focus,2024-10-01,40.049677419354836,40.29129032258065,-0.24161290322581408
PJM,Carbon_Tax,2024-11-01,40.29766666666667,40.906,-0.6083333333333272
PJM,Demand_Growth,2024-11-01,41.65366666666667,40.906,0.7476666666666745
PJM,Renewable_Push,2024-11-01,40.04533333333333,40.906,-0.8606666666666669
PJM,Storage_Focus,2024-11-01,40.522333333333336,40.906,-0.38366666666666305
PJM,Carbon_Tax,2024-12-01,40.597741935483874,40.3867741935484,0.21096774193547674
PJM,Demand_Growth,2024-12-01,42.51709677419355,40.3867741935484,2.1303225806451493
PJM,Renewable_Push,2024-12-01,40.70612903225807,40.3867741935484,0.3193548387096712
PJM,Storage_Focus,2024-12-01,40.58064516129033,40.3867741935484,0.1938709677419297
PJM,Carbon_Tax,2025-01-01,40.60709677419354,41.5658064516129,-0.9587096774193569
PJM,Demand_Growth,2025-01-01,42.06935483870967,41.5658064516129,0.503548387096771
PJM,Renewable_Push,2025-01-01,41.31806451612902,41.5658064516129,-0.24774193548388013
PJM,Storage_Focus,2025-01-01,40.65064516129032,41.5658064516129,-0.9151612903225796
PJM,Carbon_Tax,2025-02-01,41.13999999999999,41.67999999999999,-0.5399999999999991
PJM,Demand_Growth,2025-02-01,41.82,41.67999999999999,0.14000000000000767
PJM,Renewable_Push,2025-02-01,41.71678571428571,41.67999999999999,0.03678571428572042
PJM,Storage_Focus,2025-02-01,42.28392857142858,41.67999999999999,0.6039285714285896
PJM,Carbon_Tax,2025-03-01,40.90000000000001,41.767419354838715,-0.8674193548387024
PJM,Demand_Growth,2025-03-01,42.33645161290324,41.767419354838715,0.5690322580645244
PJM,Renewable_Push,2025-03-01,41.85354838709677,41.767419354838715,0.08612903225805724
PJM,Storage_Focus,2025-03-01,41.77258064516129,41.767419354838715,0.005161290322575951
PJM,Carbon_Tax,2025-04-01,41.174,41.97533333333334,-0.8013333333333392
PJM,Demand_Growth,2025-04-01,42.73466666666666,41.97533333333334,0.7593333333333234
PJM,Renewable_Push,2025-04-01,41.575666666666656,41.97533333333334,-0.3996666666666826
PJM,Storage_Focus,2025-04-01,42.51066666666665,41.97533333333334,0.5353333333333126
PJM,Carbon_Tax,2025-05-01,41.49903225806452,41.07612903225806,0.4229032258064578
PJM,Demand_Growth,2025-05-01,42.929354838709685,41.07612903225806,1.8532258064516256
PJM,Renewable_Push,2025-05-01,41.053548387096775,41.07612903225806,-0.022580645161283996
PJM,Storage_Focus,2025-05-01,42.12193548387098,41.07612903225806,1.0458064516129184
PJM,Carbon_Tax,2025-06-01,40.766,41.23866666666667,-0.4726666666666688
PJM,Demand_Growth,2025-06-01,41.554666666666655,41.23866666666667,0.3159999999999883
PJM,Renewable_Push,2025-06-01,41.03499999999999,41.23866666666667,-0.20366666666667754
PJM,Storage_Focus,2025-06-01,40.90966666666667,41.23866666666667,-0.3289999999999935
PJM,Carbon_Tax,2025-07-01,39.702580645161284,41.1941935483871,-1.491612903225814
PJM,Demand_Growth,2025-07-01,41.14419354838709,41.1941935483871,-0.05000000000000426
PJM,Renewable_Push,2025-07-01,40.59064516129032,41.1941935483871,-0.6035483870967795
PJM,Storage_Focus,2025-07-01,40.8774193548387,41.1941935483871,-0.3167741935483974
PJM,Carbon_Tax,2025-08-01,39.995483870967746,40.081935483870964,-0.08645161290321823
PJM,Demand_Growth,2025-08-01,41.4274193548387,40.081935483870964,1.3454838709677333
PJM,Renewable_Push,2025-08-01,39.93387096774194,40.081935483870964,-0.1480645161290255
PJM,Storage_Focus,2025-08-01,40.46451612903226,40.081935483870964,0.38258064516129764
PJM,Carbon_Tax,2025-09-01,39.77266666666666,39.783333333333324,-0.010666666666665492
PJM,Demand_Growth,2025-09-01,41.81466666666666,39.783333333333324,2.031333333333336
PJM,Renewable_Push,2025-09-01,40.20600000000002,39.783333333333324,0.42266666666669295
PJM,Storage_Focus,2025-09-01,40.498000000000005,39.783333333333324,0.7146666666666803
PJM,Carbon_Tax,2025-10-01,39.851612903225806,40.18677419354838,-0.33516129032257425
PJM,Demand_Growth,2025-10-01,41.79870967741936,40.18677419354838,1.6119354838709796
PJM,Renewable_Push,2025-10-01,39.836451612903225,40.18677419354838,-0.3503225806451553
PJM,Storage_Focus,2025-10-01,40.258709677419354,40.18677419354838,0.07193548387097337
PJM,Carbon_Tax,2025-11-01,40.25000000000001,40.123333333333335,0.12666666666667226
PJM,Demand_Growth,2025-11-01,41.245999999999995,40.123333333333335,1.1226666666666603
PJM,Renewable_Push,2025-11-01,40.257,40.123333333333335,0.13366666666666305
PJM,Storage_Focus,2025-11-01,40.60799999999999,40.123333333333335,0.48466666666665503
PJM,Carbon_Tax,2025-12-01,40.24870967741934,41.0674193548387,-0.8187096774193563
PJM,Demand_Growth,2025-12-01,41.65290322580645,41.0674193548387,0.5854838709677495
PJM,Renewable_Push,2025-12-01,41.51064516129033,41.0674193548387,0.443225806451629
PJM,Storage_Focus,2025-12-01,40.7058064516129,41.0674193548387,-0.3616129032257973
SPP,Carbon_Tax,2023-01-01,33.97161290322581,33.41000000000001,0.5616129032258002
SPP,Demand_Growth,2023-01-01,34.537741935483865,33.41000000000001,1.1277419354838543
SPP,Renewable_Push,2023-01-01,33.36548387096774,33.41000000000001,-0.044516129032267315
SPP,Storage_Focus,2023-01-01,33.91677419354839,33.41000000000001,0.5067741935483809
SPP,Carbon_Tax,2023-02-01,34.45285714285715,34.79107142857142,-0.3382142857142725
SPP,Demand_Growth,2023-02-01,35.308571428571426,34.79107142857142,0.5175000000000054
SPP,Renewable_Push,2023-02-01,35.065714285714286,34.79107142857142,0.2746428571428652
SPP,Storage_Focus,2023-02-01,34.183928571428574,34.79107142857142,-0.607142857142847
SPP,Carbon_Tax,2023-03-01,34.82000000000001,34.85645161290323,-0.036451612903221076
SPP,Demand_Growth,2023-03-01,35.07870967741935,34.85645161290323,0.22225806451611874
SPP,Renewable_Push,2023-03-01,34.41516129032258,34.85645161290323,-0.4412903225806488
SPP,Storage_Focus,2023-03-01,34.47129032258066,34.85645161290323,-0.3851612903225714
SPP,Carbon_Tax,2023-04-01,34.811666666666675,34.592333333333336,0.2193333333333385
SPP,Demand_Growth,2023-04-01,35.361999999999995,34.592333333333336,0.7696666666666587
SPP,Renewable_Push,2023-04-01,34.44766666666667,34.592333333333336,-0.14466666666666583
SPP,Storage_Focus,2023-04-01,34.705000000000005,34.592333333333336,0.11266666666666936
SPP,Carbon_Tax,2023-05-01,33.8541935483871,34.42612903225807,-0.5719354838709663
SPP,Demand_Growth,2023-05-01,35.844838709677404,34.42612903225807,1.4187096774193364
SPP,Renewable_Push,2023-05-01,34.312903225806444,34.42612903225807,-0.11322580645162361
SPP,Storage_Focus,2023-05-01,34.58903225806451,34.42612903225807,0.16290322580644556
SPP,Carbon_Tax,2023-06-01,33.50233333333334,34.49966666666666,-0.997333333333323
SPP,Demand_Growth,2023-06-01,34.58166666666667,34.49966666666666,0.08200000000000784
SPP,Renewable_Push,2023-06-01,34.184000000000005,34.49966666666666,-0.3156666666666581
SPP,Storage_Focus,2023-06-01,34.289,34.49966666666666,-0.21066666666666123
SPP,Carbon_Tax,2023-07-01,32.95645161290322,33.35064516129032,-0.39419354838710063
SPP,Demand_Growth,2023-07-01,34.604516129032255,33.35064516129032,1.253870967741932
SPP,Renewable_Push,2023-07-01,33.35225806451612,33.35064516129032,0.0016129032257978793
SPP,Storage_Focus,2023-07-01,33.61709677419354,33.35064516129032,0.26645161290321795
SPP,Carbon_Tax,2023-08-01,33.21258064516128,33.01516129032258,0.19741935483870066
SPP,Demand_Growth,2023-08-01,33.98096774193549,33.01516129032258,0.9658064516129059
SPP,Renewable_Push,2023-08-01,33.241290322580646,33.01516129032258,0.2261290322580649
SPP,Storage_Focus,2023-08-01,33.924516129032256,33.01516129032258,0.9093548387096746
SPP,Carbon_Tax,2023-09-01,32.281000000000006,32.462666666666664,-0.18166666666665776
SPP,Demand_Growth,2023-09-01,33.602000000000004,32.462666666666664,1.1393333333333402
SPP,Renewable_Push,2023-09-01,33.47833333333334,32.462666666666664,1.0156666666666752
SPP,Storage_Focus,2023-09-01,32.60666666666666,32.462666666666664,0.14399999999999835
SPP,Carbon_Tax,2023-10-01,32.31516129032259,32.934516129032254,-0.6193548387096612
SPP,Demand_Growth,2023-10-01,33.851612903225806,32.934516129032254,0.9170967741935527
SPP,Renewable_Push,2023-10-01,32.26483870967743,32.934516129032254,-0.6696774193548265
SPP,Storage_Focus,2023-10-01,32.28870967741935,32.934516129032254,-0.6458064516129056
SPP,Carbon_Tax,2023-11-01,32.85733333333334,33.285,-0.42766666666666
SPP,Demand_Growth,2023-11-01,34.324666666666666,33.285,1.039666666666669
SPP,Renewable_Push,2023-11-01,33.211000000000006,33.285,-0.07399999999999096
SPP,Storage_Focus,2023-11-01,33.257333333333335,33.285,-0.0276666666666614
SPP,Carbon_Tax,2023-12-01,33.36032258064516,33.009354838709676,0.3509677419354844
SPP,Demand_Growth,2023-12-01,34.38096774193549,33.009354838709676,1.3716129032258166
SPP,Renewable_Push,2023-12-01,33.660645161290326,33.009354838709676,0.6512903225806497
SPP,Storage_Focus,2023-12-01,33.73032258064516,33.009354838709676,0.7209677419354819
SPP,Carbon_Tax,2024-01-01,34.50903225806451,34.36580645161289,0.14322580645161764
SPP,Demand_Growth,2024-01-01,34.80322580645161,34.36580645161289,0.43741935483871686
SPP,Renewable_Push,2024-01-01,34.5958064516129,34.36580645161289,0.23000000000001108
SPP,Storage_Focus,2024-01-01,33.682258064516134,34.36580645161289,-0.6835483870967565
SPP,Carbon_Tax,2024-02-01,33.34586206896551,34.10586206896552,-0.7600000000000122
SPP,Demand_Growth,2024-02-01,35.29586206896552,34.10586206896552,1.1899999999999977
SPP,Renewable_Push,2024-02-01,34.48379310344828,34.10586206896552,0.37793103448275644
SPP,Storage_Focus,2024-02-01,34.73137931034483,34.10586206896552,0.6255172413793062
SPP,Carbon_Tax,2024-03-01,33.8616129032258,34.425161290322585,-0.5635483870967875
SPP,Demand_Growth,2024-03-01,35.25741935483871,34.425161290322585,0.8322580645161253
SPP,Renewable_Push,2024-03-01,34.598387096774196,34.425161290322585,0.17322580645161167
SPP,Storage_Focus,2024-03-01,34.58774193548387,34.425161290322585,0.16258064516128456
SPP,Carbon_Tax,2024-04-01,34.10666666666667,34.67633333333333,-0.569666666666663
SPP,Demand_Growth,2024-04-01,35.101666666666674,34.67633333333333,0.42533333333334156
SPP,Renewable_Push,2024-04-01,34.956999999999994,34.67633333333333,0.2806666666666615
SPP,Storage_Focus,2024-04-01,34.30233333333333,34.67633333333333,-0.37400000000000233
SPP,Carbon_Tax,2024-05-01,34.360967741935475,34.69838709677419,-0.33741935483871544
SPP,Demand_Growth,2024-05-01,34.4925806451613,34.69838709677419,-0.20580645161289368
SPP,Renewable_Push,2024-05-01,34.826774193548374,34.69838709677419,0.12838709677418336
SPP,Storage_Focus,2024-05-01,34.539677419354845,34.69838709677419,-0.1587096774193455
SPP,Carbon_Tax,2024-06-01,34.13733333333334,34.01566666666666,0.1216666666666768
SPP,Demand_Growth,2024-06-01,34.86800000000001,34.01566666666666,0.8523333333333483
SPP,Renewable_Push,2024-06-01,33.92033333333333,34.01566666666666,-0.09533333333332905
SPP,Storage_Focus,2024-06-01,33.945333333333345,34.01566666666666,-0.07033333333331626
SPP,Carbon_Tax,2024-07-01,33.546451612903226,33.14387096774194,0.40258064516128655
SPP,Demand_Growth,2024-07-01,34.35935483870968,33.14387096774194,1.2154838709677378
SPP,Renewable_Push,2024-07-01,33.44709677419355,33.14387096774194,0.3032258064516071
SPP,Storage_Focus,2024-07-01,33.87645161290323,33.14387096774194,0.732580645161292
SPP,Carbon_Tax,2024-08-01,32.84870967741936,32.98774193548386,-0.13903225806450337
SPP,Demand_Growth,2024-08-01,33.86193548387097,32.98774193548386,0.8741935483871117
SPP,Renewable_Push,2024-08-01,32.25,32.98774193548386,-0.7377419354838608
SPP,Storage_Focus,2024-08-01,32.79387096774194,32.98774193548386,-0.19387096774192258
SPP,Carbon_Tax,2024-09-01,32.35166666666667,33.10866666666667,-0.757000000000005
SPP,Demand_Growth,2024-09-01,33.52,33.10866666666667,0.41133333333333155
SPP,Renewable_Push,2024-09-01,33.059000000000005,33.10866666666667,-0.04966666666666697
SPP,Storage_Focus,2024-09-01,32.33233333333334,33.10866666666667,-0.7763333333333335
SPP,Carbon_Tax,2024-10-01,33.021612903225815,33.1983870967742,-0.17677419354838264
SPP,Demand_Growth,2024-10-01,33.597096774193545,33.1983870967742,0.3987096774193475
SPP,Renewable_Push,2024-10-01,32.835806451612896,33.1983870967742,-0.3625806451613016
SPP,Storage_Focus,2024-10-01,33.21032258064516,33.1983870967742,0.011935483870963992
SPP,Carbon_Tax,2024-11-01,32.951666666666675,33.181,-0.2293333333333223
SPP,Demand_Growth,2024-11-01,33.24833333333333,33.181,0.06733333333333036
SPP,Renewable_Push,2024-11-01,33.622,33.181,0.4410000000000025
SPP,Storage_Focus,2024-11-01,33.468,33.181,0.28700000000000614
SPP,Carbon_Tax,2024-12-01,33.42322580645161,33.67645161290323,-0.2532258064516171
SPP,Demand_Growth,2024-12-01,33.90129032258064,33.67645161290323,0.22483870967741382
SPP,Renewable_Push,2024-12-01,33.156451612903226,33.67645161290323,-0.5200000000000031
SPP,Storage_Focus,2024-12-01,34.08741935483871,33.67645161290323,0.4109677419354796
SPP,Carbon_Tax,2025-01-01,34.170967741935485,34.093870967741935,0.07709677419354932
SPP,Demand_Growth,2025-01-01,34.86225806451613,34.093870967741935,0.7683870967741981
SPP,Renewable_Push,2025-01-01,34.15129032258065,34.093870967741935,0.0574193548387143
SPP,Storage_Focus,2025-01-01,34.00806451612902,34.093870967741935,-0.08580645161291756
SPP,Carbon_Tax,2025-02-01,34.61678571428572,34.51142857142857,0.10535714285715159
SPP,Demand_Growth,2025-02-01,35.08964285714285,34.51142857142857,0.5782142857142816
SPP,Renewable_Push,2025-02-01,34.13392857142856,34.51142857142857,-0.37750000000000483
SPP,Storage_Focus,2025-02-01,33.60142857142857,34.51142857142857,-0.9099999999999966
SPP,Carbon_Tax,2025-03-01,34.520645161290325,34.703548387096774,-0.1829032258064487
SPP,Demand_Growth,2025-03-01,35.23258064516129,34.703548387096774,0.5290322580645181
SPP,Renewable_Push,2025-03-01,34.57387096774194,34.703548387096774,-0.12967741935483446
SPP,Storage_Focus,2025-03-01,34.121935483870956,34.703548387096774,-0.5816129032258175
SPP,Carbon_Tax,2025-04-01,34.4,34.282666666666664,0.11733333333333462
SPP,Demand_Growth,2025-04-01,35.10766666666666,34.282666666666664,0.8249999999999957
SPP,Renewable_Push,2025-04-01,34.172,34.282666666666664,-0.11066666666666691
SPP,Storage_Focus,2025-04-01,35.583,34.282666666666664,1.3003333333333345
SPP,Carbon_Tax,2025-05-01,34.01290322580645,34.55838709677419,-0.5454838709677432
SPP,Demand_Growth,2025-05-01,34.95645161290322,34.55838709677419,0.3980645161290326
SPP,Renewable_Push,2025-05-01,35.16677419354838,34.55838709677419,0.6083870967741873
SPP,Storage_Focus,2025-05-01,34.81806451612903,34.55838709677419,0.259677419354837
SPP,Carbon_Tax,2025-06-01,34.11166666666666,34.18966666666667,-0.07800000000001006
SPP,Demand_Growth,2025-06-01,34.598333333333336,34.18966666666667,0.40866666666666873
SPP,Renewable_Push,2025-06-01,34.192666666666675,34.18966666666667,0.003000000000007219
SPP,Storage_Focus,2025-06-01,33.989999999999995,34.18966666666667,-0.19966666666667265
SPP,Carbon_Tax,2025-07-01,33.22870967741935,33.71548387096774,-0.4867741935483849
SPP,Demand_Growth,2025-07-01,34.03290322580645,33.71548387096774,0.3174193548387123
SPP,Renewable_Push,2025-07-01,33.79612903225806,33.71548387096774,0.08064516129032029
SPP,Storage_Focus,2025-07-01,34.07290322580645,33.71548387096774,0.35741935483871146
SPP,Carbon_Tax,2025-08-01,32.97193548387097,33.122903225806446,-0.15096774193547446
SPP,Demand_Growth,2025-08-01,34.37290322580646,33.122903225806446,1.2500000000000142
SPP,Renewable_Push,2025-08-01,32.36774193548387,33.122903225806446,-0.755161290322576
SPP,Storage_Focus,2025-08-01,33.42032258064516,33.122903225806446,0.2974193548387163
SPP,Carbon_Tax,2025-09-01,32.67066666666667,33.188333333333325,-0.5176666666666563
SPP,Demand_Growth,2025-09-01,33.75033333333332,33.188333333333325,0.5619999999999976
SPP,Renewable_Push,2025-09-01,32.37733333333333,33.188333333333325,-0.8109999999999928
SPP,Storage_Focus,2025-09-01,33.33466666666667,33.188333333333325,0.1463333333333452
SPP,Carbon_Tax,2025-10-01,32.95193548387097,32.99612903225806,-0.04419354838709211
SPP,Demand_Growth,2025-10-01,33.91677419354839,32.99612903225806,0.9206451612903308
SPP,Renewable_Push,2025-10-01,33.41225806451613,32.99612903225806,0.41612903225806974
SPP,Storage_Focus,2025-10-01,32.53290322580645,32.99612903225806,-0.4632258064516108
SPP,Carbon_Tax,2025-11-01,32.471666666666664,33.08233333333333,-0.6106666666666669
SPP,Demand_Growth,2025-11-01,33.52666666666667,33.08233333333333,0.4443333333333399
SPP,Renewable_Push,2025-11-01,33.85366666666666,33.08233333333333,0.771333333333331
SPP,Storage_Focus,2025-11-01,33.97633333333333,33.08233333333333,0.8939999999999984
SPP,Carbon_Tax,2025-12-01,33.8316129032258,33.928387096774195,-0.09677419354839145
SPP,Demand_Growth,2025-12-01,34.8774193548387,33.928387096774195,0.9490322580645056
SPP,Renewable_Push,2025-12-01,33.583225806451615,33.928387096774195,-0.34516129032257936
SPP,Storage_Focus,2025-12-01,33.984516129032265,33.928387096774195,0.05612903225807031
