region,scenario,month,renew_share_pct,curtailment_mwh,base_share,base_curtail,renew_share_delta_vs_baseline,curtailment_delta_vs_baseline
CAISO,Carbon_Tax,2023-01-01,42.78387096774193,576183.0778474271,40.706451612903216,496337.89123207616,2.0774193548387174,79845.18661535095
CAISO,Demand_Growth,2023-01-01,41.938709677419354,595105.216711121,40.706451612903216,496337.89123207616,1.232258064516138,98767.32547904487
CAISO,Renewable_Push,2023-01-01,44.08064516129033,645608.3669868759,40.706451612903216,496337.89123207616,3.3741935483871117,149270.47575479973
CAISO,Storage_Focus,2023-01-01,43.31290322580645,655869.4989201748,40.706451612903216,496337.89123207616,2.6064516129032356,159531.60768809862
CAISO,Carbon_Tax,2023-02-01,42.94285714285716,509130.1102109823,40.5,425315.3959897747,2.4428571428571573,83814.7142212076
CAISO,Demand_Growth,2023-02-01,41.760714285714286,429854.0722359866,40.5,425315.3959897747,1.2607142857142861,4538.676246211864
CAISO,Renewable_Push,2023-02-01,44.025,597699.7595955839,40.5,425315.3959897747,3.5249999999999986,172384.36360580917
CAISO,Storage_Focus,2023-02-01,43.45714285714286,478056.9659805582,40.5,425315.3959897747,2.9571428571428626,52741.569990783464
CAISO,Carbon_Tax,2023-03-01,43.06451612903226,615140.0208338898,40.9516129032258,516453.4828098463,2.1129032258064626,98686.53802404355
CAISO,Demand_Growth,2023-03-01,42.170967741935485,533483.5709675015,40.9516129032258,516453.4828098463,1.219354838709684,17030.088157655206
CAISO,Renewable_Push,2023-03-01,44.21290322580645,650375.2352805906,40.9516129032258,516453.4828098463,3.261290322580649,133921.7524707443
CAISO,Storage_Focus,2023-03-01,43.454838709677425,615429.002663852,40.9516129032258,516453.4828098463,2.503225806451624,98975.51985400566
CAISO,Carbon_Tax,2023-04-01,43.54333333333334,552449.3996241338,41.23666666666667,456036.28618579655,2.306666666666665,96413.11343833728
CAISO,Demand_Growth,2023-04-01,42.23666666666667,555380.2268036895,41.23666666666667,456036.28618579655,1.0,99343.94061789295
CAISO,Renewable_Push,2023-04-01,44.54,640275.033039021,41.23666666666667,456036.28618579655,3.3033333333333275,184238.7468532244
CAISO,Storage_Focus,2023-04-01,43.830000000000005,566101.3527523506,41.23666666666667,456036.28618579655,2.5933333333333337,110065.06656655407
CAISO,Carbon_Tax,2023-05-01,43.648387096774194,633197.6108367637,41.406451612903226,548650.9773010127,2.241935483870968,84546.63353575103
CAISO,Demand_Growth,2023-05-01,42.44193548387096,632000.5460800994,41.406451612903226,548650.9773010127,1.035483870967731,83349.5687790867
CAISO,Renewable_Push,2023-05-01,44.829032258064515,599928.8999345208,41.406451612903226,548650.9773010127,3.4225806451612897,51277.922633508104
CAISO,Storage_Focus,2023-05-01,44.12903225806452,643658.527493523,41.406451612903226,548650.9773010127,2.722580645161294,95007.55019251024
CAISO,Carbon_Tax,2023-06-01,43.763333333333335,625734.608644395,41.673333333333325,537849.8222361222,2.0900000000000105,87884.7864082728
CAISO,Demand_Growth,2023-06-01,42.58000000000001,604250.253685068,41.673333333333325,537849.8222361222,0.9066666666666876,66400.43144894578
CAISO,Renewable_Push,2023-06-01,44.74333333333334,623923.767136374,41.673333333333325,537849.8222361222,3.0700000000000145,86073.94490025181
CAISO,Storage_Focus,2023-06-01,44.273333333333326,659755.718655365,41.673333333333325,537849.8222361222,2.6000000000000014,121905.89641924284
CAISO,Carbon_Tax,2023-07-01,43.72580645161291,635519.6019949691,41.46774193548387,572901.8356867271,2.258064516129039,62617.76630824199
CAISO,Demand_Growth,2023-07-01,42.59677419354838,546877.898763011,41.46774193548387,572901.8356867271,1.1290322580645054,-26023.9369237161
CAISO,Renewable_Push,2023-07-01,44.89677419354839,631788.3134799036,41.46774193548387,572901.8356867271,3.4290322580645167,58886.47779317654
CAISO,Storage_Focus,2023-07-01,44.28064516129033,702842.7364593911,41.46774193548387,572901.8356867271,2.8129032258064584,129940.900772664
CAISO,Carbon_Tax,2023-08-01,43.61612903225805,642170.3460919692,41.45161290322581,603895.3920477876,2.1645161290322434,38274.95404418162
CAISO,Demand_Growth,2023-08-01,42.68709677419355,580789.9194848451,41.45161290322581,603895.3920477876,1.235483870967741,-23105.47256294242
CAISO,Renewable_Push,2023-08-01,44.78709677419354,609751.6939593703,41.45161290322581,603895.3920477876,3.3354838709677352,5856.301911582705
CAISO,Storage_Focus,2023-08-01,44.15483870967743,629595.777182225,41.45161290322581,603895.3920477876,2.70322580645162,25700.38513443747
CAISO,Carbon_Tax,2023-09-01,43.416666666666664,569622.2051485007,40.91333333333333,497698.10714096925,2.5033333333333374,71924.09800753149
CAISO,Demand_Growth,2023-09-01,42.203333333333326,616361.7786186849,40.91333333333333,497698.10714096925,1.2899999999999991,118663.6714777156
CAISO,Renewable_Push,2023-09-01,44.42333333333334,668908.1783049199,40.91333333333333,497698.10714096925,3.510000000000012,171210.0711639506
CAISO,Storage_Focus,2023-09-01,44.126666666666665,566237.3692986486,40.91333333333333,497698.10714096925,3.2133333333333383,68539.2621576793
CAISO,Carbon_Tax,2023-10-01,43.34193548387097,698951.7663766744,40.932258064516134,532762.3243543142,2.4096774193548356,166189.44202236016
CAISO,Demand_Growth,2023-10-01,42.03548387096774,641319.1007611183,40.932258064516134,532762.3243543142,1.1032258064516043,108556.7764068041
CAISO,Renewable_Push,2023-10-01,44.35483870967742,643963.3287856106,40.932258064516134,532762.3243543142,3.4225806451612897,111201.00443129637
CAISO,Storage_Focus,2023-10-01,43.548387096774185,607935.998199738,40.932258064516134,532762.3243543142,2.6161290322580513,75173.67384542373
CAISO,Carbon_Tax,2023-11-01,42.99333333333333,580129.4008536986,40.716666666666676,514224.26079370803,2.2766666666666566,65905.14005999058
CAISO,Demand_Growth,2023-11-01,41.723333333333336,545734.7172441032,40.716666666666676,514224.26079370803,1.0066666666666606,31510.45645039517
CAISO,Renewable_Push,2023-11-01,44.07,520454.31439705554,40.716666666666676,514224.26079370803,3.3533333333333246,6230.053603347507
CAISO,Storage_Focus,2023-11-01,43.38999999999999,622127.6365761951,40.716666666666676,514224.26079370803,2.673333333333318,107903.3757824871
CAISO,Carbon_Tax,2023-12-01,42.85806451612903,605291.1538215934,40.58064516129031,520891.7190801546,2.2774193548387203,84399.43474143877
CAISO,Demand_Growth,2023-12-01,41.729032258064514,524040.248079934,40.58064516129031,520891.7190801546,1.1483870967742007,3148.5289997793734
CAISO,Renewable_Push,2023-12-01,43.91935483870968,619639.1123116375,40.58064516129031,520891.7190801546,3.3387096774193665,98747.39323148289
CAISO,Storage_Focus,2023-12-01,43.38709677419356,553143.9435929224,40.58064516129031,520891.7190801546,2.8064516129032455,32252.224512767803
CAISO,Carbon_Tax,2024-01-01,42.86129032258063,609184.2611280214,40.49032258064517,538971.6897159322,2.370967741935459,70212.57141208916
CAISO,Demand_Growth,2024-01-01,41.832258064516125,565129.3961381674,40.49032258064517,538971.6897159322,1.3419354838709552,26157.70642223512
CAISO,Renewable_Push,2024-01-01,44.01935483870967,647547.5567236084,40.49032258064517,538971.6897159322,3.529032258064497,108575.86700767616
CAISO,Storage_Focus,2024-01-01,43.14516129032259,562461.3864723442,40.49032258064517,538971.6897159322,2.6548387096774206,23489.696756411926
CAISO,Carbon_Tax,2024-02-01,42.93793103448276,581759.3736418849,40.8103448275862,480114.63729203306,2.1275862068965594,101644.73634985182
CAISO,Demand_Growth,2024-02-01,41.73793103448278,498477.42306636536,40.8103448275862,480114.63729203306,0.9275862068965779,18362.785774332297
CAISO,Renewable_Push,2024-02-01,43.989655172413784,564704.8799657293,40.8103448275862,480114.63729203306,3.1793103448275843,84590.24267369625
CAISO,Storage_Focus,2024-02-01,43.320689655172416,560870.620929038,40.8103448275862,480114.63729203306,2.5103448275862164,80755.98363700497
CAISO,Carbon_Tax,2024-03-01,43.28387096774193,644267.7063947807,40.94193548387097,545618.0838616741,2.3419354838709623,98649.6225331066
CAISO,Demand_Growth,2024-03-01,42.03870967741936,597082.1463616465,40.94193548387097,545618.0838616741,1.0967741935483915,51464.06249997241
CAISO,Renewable_Push,2024-03-01,44.03225806451612,719534.968007887,40.94193548387097,545618.0838616741,3.09032258064515,173916.88414621295
CAISO,Storage_Focus,2024-03-01,43.71935483870968,643264.3220835889,40.94193548387097,545618.0838616741,2.777419354838706,97646.23822191486
CAISO,Carbon_Tax,2024-04-01,43.349999999999994,585619.9648363739,41.013333333333335,556367.1881647347,2.336666666666659,29252.776671639178
CAISO,Demand_Growth,2024-04-01,42.316666666666656,535379.2733299166,41.013333333333335,556367.1881647347,1.3033333333333204,-20987.914834818104
CAISO,Renewable_Push,2024-04-01,44.42666666666667,703299.7651311861,41.013333333333335,556367.1881647347,3.413333333333334,146932.57696645136
CAISO,Storage_Focus,2024-04-01,43.82666666666667,589280.5084939504,41.013333333333335,556367.1881647347,2.8133333333333326,32913.32032921561
CAISO,Carbon_Tax,2024-05-01,43.767741935483876,572764.063455387,41.32903225806451,580732.3689685246,2.438709677419368,-7968.305513137602
CAISO,Demand_Growth,2024-05-01,42.619354838709675,535269.0262432348,41.32903225806451,580732.3689685246,1.2903225806451672,-45463.34272528987
CAISO,Renewable_Push,2024-05-01,44.69677419354838,616773.6306265364,41.32903225806451,580732.3689685246,3.3677419354838705,36041.26165801182
CAISO,Storage_Focus,2024-05-01,43.98709677419354,668440.8486112305,41.32903225806451,580732.3689685246,2.6580645161290306,87708.47964270588
CAISO,Carbon_Tax,2024-06-01,43.78999999999999,530048.129684252,41.53333333333334,575250.8952840396,2.2566666666666535,-45202.765599787585
CAISO,Demand_Growth,2024-06-01,42.52333333333333,466381.69443404017,41.53333333333334,575250.8952840396,0.9899999999999949,-108869.20084999938
CAISO,Renewable_Push,2024-06-01,44.910000000000004,592951.3041136273,41.53333333333334,575250.8952840396,3.376666666666665,17700.408829587745
CAISO,Storage_Focus,2024-06-01,44.183333333333344,609711.2575044027,41.53333333333334,575250.8952840396,2.6500000000000057,34460.36222036311
CAISO,Carbon_Tax,2024-07-01,43.87096774193548,672754.6290553324,41.64193548387098,584486.8477432131,2.2290322580644997,88267.78131211933
CAISO,Demand_Growth,2024-07-01,42.65483870967742,594656.9673261859,41.64193548387098,584486.8477432131,1.0129032258064399,10170.119582972839
CAISO,Renewable_Push,2024-07-01,44.854838709677416,512463.2150675569,41.64193548387098,584486.8477432131,3.2129032258064356,-72023.63267565618
CAISO,Storage_Focus,2024-07-01,44.322580645161295,602577.518514253,41.64193548387098,584486.8477432131,2.6806451612903146,18090.670771039906
CAISO,Carbon_Tax,2024-08-01,43.693548387096776,608875.9960402172,41.30645161290322,591084.3529629229,2.3870967741935587,17791.643077294342
CAISO,Demand_Growth,2024-08-01,42.5258064516129,502669.0439339354,41.30645161290322,591084.3529629229,1.219354838709684,-88415.30902898748
CAISO,Renewable_Push,2024-08-01,44.877419354838715,645484.8668543886,41.30645161290322,591084.3529629229,3.5709677419354975,54400.51389146573
CAISO,Storage_Focus,2024-08-01,44.29032258064516,531387.2683901715,41.30645161290322,591084.3529629229,2.983870967741943,-59697.084572751424
CAISO,Carbon_Tax,2024-09-01,43.43333333333333,572996.7995498844,40.94666666666667,561880.5532956779,2.4866666666666575,11116.246254206519
CAISO,Demand_Growth,2024-09-01,42.39,543014.7785911052,40.94666666666667,561880.5532956779,1.443333333333328,-18865.77470457263
CAISO,Renewable_Push,2024-09-01,44.47,615763.0103665058,40.94666666666667,561880.5532956779,3.5233333333333263,53882.45707082795
CAISO,Storage_Focus,2024-09-01,43.95333333333334,579042.3244346837,40.94666666666667,561880.5532956779,3.0066666666666677,17161.77113900578
CAISO,Carbon_Tax,2024-10-01,43.129032258064505,667127.0191144227,40.81935483870968,578926.2475259963,2.309677419354827,88200.77158842643
CAISO,Demand_Growth,2024-10-01,42.00645161290323,612222.8308894814,40.81935483870968,578926.2475259963,1.1870967741935488,33296.58336348506
CAISO,Renewable_Push,2024-10-01,44.21612903225806,688489.2355310998,40.81935483870968,578926.2475259963,3.3967741935483815,109562.98800510354
CAISO,Storage_Focus,2024-10-01,43.66129032258064,537554.7679920153,40.81935483870968,578926.2475259963,2.8419354838709623,-41371.47953398095
CAISO,Carbon_Tax,2024-11-01,43.083333333333336,694920.3471232603,40.44666666666667,536731.8923260517,2.636666666666663,158188.45479720854
CAISO,Demand_Growth,2024-11-01,41.82333333333334,559514.4305241214,40.44666666666667,536731.8923260517,1.3766666666666652,22782.53819806967
CAISO,Renewable_Push,2024-11-01,44.089999999999996,607723.6137867146,40.44666666666667,536731.8923260517,3.6433333333333238,70991.7214606629
CAISO,Storage_Focus,2024-11-01,43.419999999999995,629108.7577439618,40.44666666666667,536731.8923260517,2.973333333333322,92376.86541791004
CAISO,Carbon_Tax,2024-12-01,42.65161290322581,568398.9253876506,40.52903225806452,606831.0193625613,2.1225806451612925,-38432.09397491068
CAISO,Demand_Growth,2024-12-01,41.55806451612902,624217.6603007506,40.52903225806452,606831.0193625613,1.029032258064504,17386.640938189346
CAISO,Renewable_Push,2024-12-01,43.94193548387096,571617.0245025863,40.52903225806452,606831.0193625613,3.4129032258064385,-35213.99485997495
CAISO,Storage_Focus,2024-12-01,43.34838709677419,577611.3607961785,40.52903225806452,606831.0193625613,2.819354838709671,-29219.65856638283
CAISO,Carbon_Tax,2025-01-01,42.88064516129031,612421.8581828132,40.55806451612903,547958.9581143184,2.322580645161281,64462.900068494724
CAISO,Demand_Growth,2025-01-01,41.69677419354839,567341.3572116178,40.55806451612903,547958.9581143184,1.1387096774193637,19382.39909729932
CAISO,Renewable_Push,2025-01-01,43.85483870967742,595733.6743630077,40.55806451612903,547958.9581143184,3.2967741935483943,47774.71624868922
CAISO,Storage_Focus,2025-01-01,43.241935483870975,597968.3916623106,40.55806451612903,547958.9581143184,2.683870967741946,50009.43354799214
CAISO,Carbon_Tax,2025-02-01,43.03928571428571,533265.5579710852,40.69285714285716,475327.3989222659,2.3464285714285538,57938.159048819274
CAISO,Demand_Growth,2025-02-01,41.817857142857136,527819.2371664228,40.69285714285716,475327.3989222659,1.1249999999999787,52491.838244156854
CAISO,Renewable_Push,2025-02-01,43.91071428571427,542757.4058643823,40.69285714285716,475327.3989222659,3.217857142857113,67430.00694211636
CAISO,Storage_Focus,2025-02-01,43.475,603813.2876667579,40.69285714285716,475327.3989222659,2.782142857142844,128485.88874449203
CAISO,Carbon_Tax,2025-03-01,43.06774193548387,576822.6006253719,40.92903225806452,572026.1477278403,2.1387096774193566,4796.4528975315625
CAISO,Demand_Growth,2025-03-01,41.8225806451613,504837.5250541685,40.92903225806452,572026.1477278403,0.8935483870967857,-67188.62267367187
CAISO,Renewable_Push,2025-03-01,44.19032258064516,602952.3019689164,40.92903225806452,572026.1477278403,3.261290322580642,30926.15424107609
CAISO,Storage_Focus,2025-03-01,43.603225806451604,566088.8223405851,40.92903225806452,572026.1477278403,2.6741935483870876,-5937.325387255289
CAISO,Carbon_Tax,2025-04-01,43.38666666666666,590832.4784069194,41.15666666666666,522414.8683724799,2.230000000000004,68417.61003443948
CAISO,Demand_Growth,2025-04-01,42.32666666666667,544429.7650530657,41.15666666666666,522414.8683724799,1.1700000000000088,22014.896680585807
CAISO,Renewable_Push,2025-04-01,44.46999999999999,586736.5907828143,41.15666666666666,522414.8683724799,3.3133333333333326,64321.72241033439
CAISO,Storage_Focus,2025-04-01,43.949999999999996,539760.6974187316,41.15666666666666,522414.8683724799,2.7933333333333366,17345.829046251718
CAISO,Carbon_Tax,2025-05-01,43.529032258064504,582088.5083957039,41.361290322580636,455161.045690692,2.1677419354838676,126927.46270501189
CAISO,Demand_Growth,2025-05-01,42.50322580645162,593071.6374709501,41.361290322580636,455161.045690692,1.1419354838709808,137910.59178025817
CAISO,Renewable_Push,2025-05-01,44.74193548387097,622263.6911465615,41.361290322580636,455161.045690692,3.3806451612903317,167102.64545586956
CAISO,Storage_Focus,2025-05-01,44.13870967741936,657533.6339066761,41.361290322580636,455161.045690692,2.7774193548387203,202372.5882159841
CAISO,Carbon_Tax,2025-06-01,43.779999999999994,542209.3911258084,41.50333333333333,518995.83442374744,2.2766666666666637,23213.556702060916
CAISO,Demand_Growth,2025-06-01,42.760000000000005,553516.7935482381,41.50333333333333,518995.83442374744,1.2566666666666748,34520.95912449068
CAISO,Renewable_Push,2025-06-01,44.70666666666667,654015.6847294724,41.50333333333333,518995.83442374744,3.2033333333333402,135019.85030572495
CAISO,Storage_Focus,2025-06-01,44.313333333333325,551360.4041088155,41.50333333333333,518995.83442374744,2.809999999999995,32364.56968506804
CAISO,Carbon_Tax,2025-07-01,43.79354838709677,610276.4558951035,41.52903225806452,559223.8777708515,2.264516129032252,51052.57812425203
CAISO,Demand_Growth,2025-07-01,42.60645161290323,494856.9700158146,41.52903225806452,559223.8777708515,1.0774193548387103,-64366.9077550369
CAISO,Renewable_Push,2025-07-01,44.99999999999999,651517.587098261,41.52903225806452,559223.8777708515,3.4709677419354747,92293.70932740951
CAISO,Storage_Focus,2025-07-01,44.19032258064516,578846.7236497755,41.52903225806452,559223.8777708515,2.6612903225806406,19622.84587892401
CAISO,Carbon_Tax,2025-08-01,43.619354838709675,574759.5773048684,41.258064516129046,519064.2775888679,2.361290322580629,55695.2997160005
CAISO,Demand_Growth,2025-08-01,42.3967741935484,554688.0322679629,41.258064516129046,519064.2775888679,1.1387096774193566,35623.75467909506
CAISO,Renewable_Push,2025-08-01,44.59032258064516,581047.7115876945,41.258064516129046,519064.2775888679,3.332258064516111,61983.4339988266
CAISO,Storage_Focus,2025-08-01,44.06774193548387,683260.034643545,41.258064516129046,519064.2775888679,2.809677419354827,164195.75705467717
CAISO,Carbon_Tax,2025-09-01,43.376666666666665,575862.5743975141,41.15333333333333,600829.9836450975,2.2233333333333363,-24967.40924758336
CAISO,Demand_Growth,2025-09-01,42.39666666666666,586649.3154258064,41.15333333333333,600829.9836450975,1.2433333333333323,-14180.668219291023
CAISO,Renewable_Push,2025-09-01,44.499999999999986,640543.1874214194,41.15333333333333,600829.9836450975,3.346666666666657,39713.203776321956
CAISO,Storage_Focus,2025-09-01,43.99333333333333,616479.1591993651,41.15333333333333,600829.9836450975,2.8400000000000034,15649.175554267596
CAISO,Carbon_Tax,2025-10-01,43.29677419354839,572292.1241009262,41.01935483870968,621201.5662842554,2.277419354838706,-48909.44218332914
CAISO,Demand_Growth,2025-10-01,42.11935483870967,546535.6333600888,41.01935483870968,621201.5662842554,1.0999999999999872,-74665.93292416655
CAISO,Renewable_Push,2025-10-01,44.37741935483869,647565.6311108297,41.01935483870968,621201.5662842554,3.358064516129012,26364.064826574293
CAISO,Storage_Focus,2025-10-01,43.722580645161294,637080.2881367416,41.01935483870968,621201.5662842554,2.703225806451613,15878.721852486255
CAISO,Carbon_Tax,2025-11-01,42.91666666666667,636288.8101966572,40.599999999999994,587428.3226015645,2.316666666666677,48860.48759509274
CAISO,Demand_Growth,2025-11-01,41.79,518495.6496519751,40.599999999999994,587428.3226015645,1.1900000000000048,-68932.67294958938
CAISO,Renewable_Push,2025-11-01,44.0,559089.6148643813,40.599999999999994,587428.3226015645,3.4000000000000057,-28338.7077371832
CAISO,Storage_Focus,2025-11-01,43.24000000000001,608132.7723752809,40.599999999999994,587428.3226015645,2.640000000000015,20704.44977371639
CAISO,Carbon_Tax,2025-12-01,42.89032258064517,599359.4793823668,40.500000000000014,608191.7647543007,2.3903225806451545,-8832.285371933947
CAISO,Demand_Growth,2025-12-01,41.60967741935483,568550.2906921977,40.500000000000014,608191.7647543007,1.1096774193548171,-39641.47406210296
CAISO,Renewable_Push,2025-12-01,43.89677419354841,578769.5144483725,40.500000000000014,608191.7647543007,3.3967741935483957,-29422.250305928173
CAISO,Storage_Focus,2025-12-01,43.241935483870975,598966.0418951872,40.500000000000014,608191.7647543007,2.741935483870961,-9225.722859113477
ERCOT,Carbon_Tax,2023-01-01,35.96774193548388,652463.8871550235,33.79354838709677,639261.5440055293,2.174193548387109,13202.343149494263
ERCOT,Demand_Growth,2023-01-01,34.864516129032246,674561.1658406483,33.79354838709677,639261.5440055293,1.0709677419354762,35299.62183511909
ERCOT,Renewable_Push,2023-01-01,37.06774193548387,662864.9877656475,33.79354838709677,639261.5440055293,3.274193548387103,23603.443760118214
ERCOT,Storage_Focus,2023-01-01,36.406451612903226,712904.1030164644,33.79354838709677,639261.5440055293,2.6129032258064555,73642.55901093513
ERCOT,Carbon_Tax,2023-02-01,36.11428571428572,591837.5435562226,33.99285714285714,507857.00480001216,2.1214285714285808,83980.53875621042
ERCOT,Demand_Growth,2023-02-01,34.910714285714285,556220.6772750169,33.99285714285714,507857.00480001216,0.9178571428571445,48363.67247500474
ERCOT,Renewable_Push,2023-02-01,37.21785714285714,653989.137958587,33.99285714285714,507857.00480001216,3.2250000000000014,146132.13315857487
ERCOT,Storage_Focus,2023-02-01,36.55357142857142,602490.3823880805,33.99285714285714,507857.00480001216,2.5607142857142833,94633.37758806831
ERCOT,Carbon_Tax,2023-03-01,36.283870967741926,672127.4631881784,34.17096774193548,591880.8283556221,2.1129032258064484,80246.63483255624
ERCOT,Demand_Growth,2023-03-01,35.21935483870967,578478.2071712788,34.17096774193548,591880.8283556221,1.0483870967741922,-13402.621184343356
ERCOT,Renewable_Push,2023-03-01,37.403225806451616,678741.6668432218,34.17096774193548,591880.8283556221,3.232258064516138,86860.83848759963
ERCOT,Storage_Focus,2023-03-01,36.73548387096775,634450.3647843224,34.17096774193548,591880.8283556221,2.5645161290322704,42569.53642870032
ERCOT,Carbon_Tax,2023-04-01,36.70666666666667,604350.677744652,34.39999999999999,604189.2880341156,2.306666666666679,161.38971053645946
ERCOT,Demand_Growth,2023-04-01,35.46333333333334,575274.7893090483,34.39999999999999,604189.2880341156,1.0633333333333468,-28914.498725067242
ERCOT,Renewable_Push,2023-04-01,37.62333333333333,688650.7277980018,34.39999999999999,604189.2880341156,3.2233333333333363,84461.43976388627
ERCOT,Storage_Focus,2023-04-01,36.98666666666667,614205.6086416469,34.39999999999999,604189.2880341156,2.58666666666668,10016.32060753135
ERCOT,Carbon_Tax,2023-05-01,36.816129032258054,662609.8215840313,34.725806451612904,546956.1569372471,2.09032258064515,115653.6646467842
ERCOT,Demand_Growth,2023-05-01,35.71612903225806,624116.3207309613,34.725806451612904,546956.1569372471,0.9903225806451559,77160.16379371413
ERCOT,Renewable_Push,2023-05-01,37.74193548387097,735615.1852755294,34.725806451612904,546956.1569372471,3.016129032258064,188659.02833828225
ERCOT,Storage_Focus,2023-05-01,37.23870967741935,548845.7901135616,34.725806451612904,546956.1569372471,2.512903225806447,1889.6331763144117
ERCOT,Carbon_Tax,2023-06-01,36.87,708167.7088882793,34.68666666666666,636147.5137850483,2.183333333333337,72020.195103231
ERCOT,Demand_Growth,2023-06-01,35.90333333333333,555382.8068506464,34.68666666666666,636147.5137850483,1.2166666666666686,-80764.70693440188
ERCOT,Renewable_Push,2023-06-01,37.93666666666665,637548.8916693837,34.68666666666666,636147.5137850483,3.249999999999993,1401.3778843354667
ERCOT,Storage_Focus,2023-06-01,37.20666666666666,600711.949605352,34.68666666666666,636147.5137850483,2.520000000000003,-35435.56417969626
ERCOT,Carbon_Tax,2023-07-01,36.87419354838709,704244.6588150467,34.86129032258064,580933.6973264826,2.012903225806447,123310.96148856403
ERCOT,Demand_Growth,2023-07-01,35.880645161290325,635171.3759845569,34.86129032258064,580933.6973264826,1.0193548387096811,54237.678658074234
ERCOT,Renewable_Push,2023-07-01,37.835483870967735,729084.1810632974,34.86129032258064,580933.6973264826,2.974193548387092,148150.48373681481
ERCOT,Storage_Focus,2023-07-01,37.34516129032257,622738.8991165763,34.86129032258064,580933.6973264826,2.483870967741929,41805.20179009368
ERCOT,Carbon_Tax,2023-08-01,36.719354838709684,729721.4821733554,34.693548387096776,692508.1820506926,2.025806451612908,37213.3001226628
ERCOT,Demand_Growth,2023-08-01,35.567741935483866,640062.9038471675,34.693548387096776,692508.1820506926,0.8741935483870904,-52445.278203525115
ERCOT,Renewable_Push,2023-08-01,37.75806451612904,693271.4326970892,34.693548387096776,692508.1820506926,3.0645161290322633,763.2506463965401
ERCOT,Storage_Focus,2023-08-01,37.245161290322585,734659.0698576395,34.693548387096776,692508.1820506926,2.5516129032258092,42150.88780694688
ERCOT,Carbon_Tax,2023-09-01,36.516666666666666,653778.9406801804,34.403333333333336,691403.6408940651,2.1133333333333297,-37624.7002138847
ERCOT,Demand_Growth,2023-09-01,35.61666666666667,630843.1668505084,34.403333333333336,691403.6408940651,1.2133333333333312,-60560.47404355672
ERCOT,Renewable_Push,2023-09-01,37.6,766479.8096460514,34.403333333333336,691403.6408940651,3.1966666666666654,75076.16875198623
ERCOT,Storage_Focus,2023-09-01,37.029999999999994,595765.7219731912,34.403333333333336,691403.6408940651,2.626666666666658,-95637.9189208739
ERCOT,Carbon_Tax,2023-10-01,36.222580645161294,825164.8127324996,34.13870967741937,718691.3305233964,2.083870967741923,106473.48220910318
ERCOT,Demand_Growth,2023-10-01,35.25806451612904,687711.307551694,34.13870967741937,718691.3305233964,1.1193548387096683,-30980.02297170239
ERCOT,Renewable_Push,2023-10-01,37.40322580645162,684489.4598851302,34.13870967741937,718691.3305233964,3.264516129032252,-34201.870638266206
ERCOT,Storage_Focus,2023-10-01,36.66129032258065,752108.6458203914,34.13870967741937,718691.3305233964,2.522580645161277,33417.31529699499
ERCOT,Carbon_Tax,2023-11-01,36.04333333333333,672968.9731076212,33.86,702258.1146713542,2.18333333333333,-29289.141563732992
ERCOT,Demand_Growth,2023-11-01,35.223333333333336,647805.351333255,33.86,702258.1146713542,1.3633333333333368,-54452.763338099234
ERCOT,Renewable_Push,2023-11-01,37.220000000000006,672201.2531240893,33.86,702258.1146713542,3.3600000000000065,-30056.861547264853
ERCOT,Storage_Focus,2023-11-01,36.46666666666667,642816.216172004,33.86,702258.1146713542,2.606666666666669,-59441.89849935018
ERCOT,Carbon_Tax,2023-12-01,35.88709677419355,619832.3815330857,33.806451612903224,644242.1294835977,2.0806451612903274,-24409.747950511985
ERCOT,Demand_Growth,2023-12-01,34.948387096774184,562499.4893479134,33.806451612903224,644242.1294835977,1.1419354838709594,-81742.64013568428
ERCOT,Renewable_Push,2023-12-01,37.13225806451613,610183.2733853199,33.806451612903224,644242.1294835977,3.3258064516129053,-34058.85609827784
ERCOT,Storage_Focus,2023-12-01,36.46774193548388,667564.2480194741,33.806451612903224,644242.1294835977,2.661290322580655,23322.11853587639
ERCOT,Carbon_Tax,2024-01-01,36.016129032258064,704307.8680248572,33.900000000000006,554861.395867636,2.1161290322580584,149446.4721572213
ERCOT,Demand_Growth,2024-01-01,34.79677419354838,592965.1835013637,33.900000000000006,554861.395867636,0.8967741935483744,38103.78763372777
ERCOT,Renewable_Push,2024-01-01,36.94838709677419,723483.0492080298,33.900000000000006,554861.395867636,3.048387096774185,168621.6533403938
ERCOT,Storage_Focus,2024-01-01,36.50967741935484,573219.8463122941,33.900000000000006,554861.395867636,2.6096774193548313,18358.45044465817
ERCOT,Carbon_Tax,2024-02-01,36.06551724137931,697441.509280572,33.93448275862068,503968.1318669916,2.131034482758629,193473.37741358037
ERCOT,Demand_Growth,2024-02-01,35.203448275862065,591357.1403077624,33.93448275862068,503968.1318669916,1.2689655172413836,87389.00844077085
ERCOT,Renewable_Push,2024-02-01,37.075862068965506,601643.4459870781,33.93448275862068,503968.1318669916,3.141379310344824,97675.31412008655
ERCOT,Storage_Focus,2024-02-01,36.43448275862069,591171.3094144277,33.93448275862068,503968.1318669916,2.500000000000007,87203.17754743615
ERCOT,Carbon_Tax,2024-03-01,36.34516129032258,633668.747170102,34.18064516129032,541802.8177684769,2.1645161290322577,91865.92940162506
ERCOT,Demand_Growth,2024-03-01,35.17741935483871,663571.8355370101,34.18064516129032,541802.8177684769,0.99677419354839,121769.0177685332
ERCOT,Renewable_Push,2024-03-01,37.31612903225807,713528.7612404388,34.18064516129032,541802.8177684769,3.1354838709677466,171725.9434719619
ERCOT,Storage_Focus,2024-03-01,36.57096774193548,617964.9565265373,34.18064516129032,541802.8177684769,2.3903225806451616,76162.1387580604
ERCOT,Carbon_Tax,2024-04-01,36.54666666666666,608485.9255785516,34.42999999999999,599054.0559265676,2.116666666666667,9431.869651983958
ERCOT,Demand_Growth,2024-04-01,35.533333333333324,582913.8192091158,34.42999999999999,599054.0559265676,1.1033333333333317,-16140.23671745183
ERCOT,Renewable_Push,2024-04-01,37.60000000000001,715929.5902965013,34.42999999999999,599054.0559265676,3.170000000000016,116875.53436993365
ERCOT,Storage_Focus,2024-04-01,36.980000000000004,566514.3421485006,34.42999999999999,599054.0559265676,2.5500000000000114,-32539.71377806703
ERCOT,Carbon_Tax,2024-05-01,36.699999999999996,669743.365788256,34.61290322580645,598456.1974510456,2.0870967741935473,71287.16833721043
ERCOT,Demand_Growth,2024-05-01,35.7,674396.8134035788,34.61290322580645,598456.1974510456,1.0870967741935544,75940.6159525332
ERCOT,Renewable_Push,2024-05-01,37.72580645161291,671387.4399544555,34.61290322580645,598456.1974510456,3.1129032258064626,72931.24250340986
ERCOT,Storage_Focus,2024-05-01,37.22258064516129,687953.9476653612,34.61290322580645,598456.1974510456,2.6096774193548384,89497.7502143156
ERCOT,Carbon_Tax,2024-06-01,36.989999999999995,662668.622684284,34.67666666666667,567248.2523483272,2.3133333333333255,95420.3703359568
ERCOT,Demand_Growth,2024-06-01,35.78666666666667,632521.3816454825,34.67666666666667,567248.2523483272,1.1099999999999994,65273.129297155305
ERCOT,Renewable_Push,2024-06-01,37.89,685796.6103850763,34.67666666666667,567248.2523483272,3.213333333333331,118548.35803674906
ERCOT,Storage_Focus,2024-06-01,37.333333333333336,713882.8759782849,34.67666666666667,567248.2523483272,2.6566666666666663,146634.62362995767
ERCOT,Carbon_Tax,2024-07-01,36.87096774193548,599364.3573069976,34.84193548387097,620991.452964027,2.029032258064511,-21627.095657029306
ERCOT,Demand_Growth,2024-07-01,35.78387096774193,705129.6221041142,34.84193548387097,620991.452964027,0.9419354838709637,84138.16914008721
ERCOT,Renewable_Push,2024-07-01,37.86774193548386,669459.1816332425,34.84193548387097,620991.452964027,3.025806451612894,48467.728669215576
ERCOT,Storage_Focus,2024-07-01,37.35483870967742,620844.1017548227,34.84193548387097,620991.452964027,2.512903225806454,-147.35120920429472
ERCOT,Carbon_Tax,2024-08-01,36.78387096774193,697559.1696171853,34.65161290322582,679685.2147867188,2.1322580645161153,17873.95483046642
ERCOT,Demand_Growth,2024-08-01,35.66451612903226,693132.7894449633,34.65161290322582,679685.2147867188,1.0129032258064399,13447.574658244499
ERCOT,Renewable_Push,2024-08-01,37.693548387096776,685703.2346991919,34.65161290322582,679685.2147867188,3.041935483870958,6018.0199124730425
ERCOT,Storage_Focus,2024-08-01,37.13225806451613,766803.6003853035,34.65161290322582,679685.2147867188,2.4806451612903118,87118.38559858466
ERCOT,Carbon_Tax,2024-09-01,36.60333333333333,729395.2010364266,34.526666666666664,733944.5450558803,2.076666666666668,-4549.34401945374
ERCOT,Demand_Growth,2024-09-01,35.50999999999999,660274.8442380397,34.526666666666664,733944.5450558803,0.9833333333333272,-73669.70081784064
ERCOT,Renewable_Push,2024-09-01,37.556666666666665,789585.582743169,34.526666666666664,733944.5450558803,3.030000000000001,55641.037687288714
ERCOT,Storage_Focus,2024-09-01,36.9,718980.132359513,34.526666666666664,733944.5450558803,2.373333333333335,-14964.412696367363
ERCOT,Carbon_Tax,2024-10-01,36.26774193548386,661046.8985569895,34.08387096774193,634824.8641214592,2.1838709677419317,26222.03443553031
ERCOT,Demand_Growth,2024-10-01,35.335483870967735,639748.4050573515,34.08387096774193,634824.8641214592,1.251612903225805,4923.5409358922625
ERCOT,Renewable_Push,2024-10-01,37.2516129032258,790530.4099527209,34.08387096774193,634824.8641214592,3.1677419354838676,155705.54583126167
ERCOT,Storage_Focus,2024-10-01,36.68709677419355,718349.1219504208,34.08387096774193,634824.8641214592,2.6032258064516185,83524.25782896159
ERCOT,Carbon_Tax,2024-11-01,36.133333333333326,763265.2334588311,33.88,614641.6618923033,2.253333333333323,148623.57156652783
ERCOT,Demand_Growth,2024-11-01,35.11,677698.6217216371,33.88,614641.6618923033,1.2299999999999969,63056.95982933382
ERCOT,Renewable_Push,2024-11-01,37.03666666666666,638215.3649149571,33.88,614641.6618923033,3.156666666666659,23573.70302265382
ERCOT,Storage_Focus,2024-11-01,36.67,692760.1141882444,33.88,614641.6618923033,2.789999999999999,78118.45229594118
ERCOT,Carbon_Tax,2024-12-01,36.09677419354839,661438.5288113832,33.777419354838706,691979.1427469538,2.3193548387096854,-30540.61393557058
ERCOT,Demand_Growth,2024-12-01,34.8774193548387,578992.9121401274,33.777419354838706,691979.1427469538,1.0999999999999943,-112986.23060682637
ERCOT,Renewable_Push,2024-12-01,36.96774193548387,682295.8345592832,33.777419354838706,691979.1427469538,3.190322580645166,-9683.30818767054
ERCOT,Storage_Focus,2024-12-01,36.432258064516134,786054.2704949566,33.777419354838706,691979.1427469538,2.6548387096774277,94075.12774800288
ERCOT,Carbon_Tax,2025-01-01,35.90000000000001,693140.6725682223,33.80645161290323,647767.1312215553,2.0935483870967815,45373.541346666985
ERCOT,Demand_Growth,2025-01-01,34.861290322580636,690870.0370265472,33.80645161290323,647767.1312215553,1.054838709677405,43102.905804991955
ERCOT,Renewable_Push,2025-01-01,36.79677419354838,740106.0655171007,33.80645161290323,647767.1312215553,2.9903225806451488,92338.93429554545
ERCOT,Storage_Focus,2025-01-01,36.43548387096774,716603.0362473642,33.80645161290323,647767.1312215553,2.6290322580645054,68835.90502580896
ERCOT,Carbon_Tax,2025-02-01,35.975,608357.185625771,33.84642857142857,534677.9878947429,2.1285714285714334,73679.19773102808
ERCOT,Demand_Growth,2025-02-01,35.025,580046.4038001054,33.84642857142857,534677.9878947429,1.1785714285714306,45368.41590536258
ERCOT,Renewable_Push,2025-02-01,37.121428571428574,628310.7878568331,33.84642857142857,534677.9878947429,3.2750000000000057,93632.79996209021
ERCOT,Storage_Focus,2025-02-01,36.56785714285714,591799.5491994497,33.84642857142857,534677.9878947429,2.721428571428575,57121.56130470685
ERCOT,Carbon_Tax,2025-03-01,36.329032258064515,587628.066128216,34.13225806451614,541336.0176633751,2.1967741935483787,46292.04846484086
ERCOT,Demand_Growth,2025-03-01,35.17741935483872,683883.5258251644,34.13225806451614,541336.0176633751,1.0451612903225822,142547.50816178927
ERCOT,Renewable_Push,2025-03-01,37.46129032258065,585265.4863336086,34.13225806451614,541336.0176633751,3.3290322580645153,43929.4686702335
ERCOT,Storage_Focus,2025-03-01,36.87096774193548,591971.4225286702,34.13225806451614,541336.0176633751,2.738709677419344,50635.404865295044
ERCOT,Carbon_Tax,2025-04-01,36.580000000000005,540845.421980539,34.333333333333336,577829.5877430766,2.2466666666666697,-36984.165762537625
ERCOT,Demand_Growth,2025-04-01,35.459999999999994,610233.3297042366,34.333333333333336,577829.5877430766,1.126666666666658,32403.741961159976
ERCOT,Renewable_Push,2025-04-01,37.57666666666667,678110.5942207098,34.333333333333336,577829.5877430766,3.2433333333333323,100281.00647763314
ERCOT,Storage_Focus,2025-04-01,36.790000000000006,639241.5511052341,34.333333333333336,577829.5877430766,2.4566666666666706,61411.96336215746
ERCOT,Carbon_Tax,2025-05-01,36.81935483870968,731780.3212631297,34.45483870967742,630952.281317666,2.3645161290322605,100828.03994546365
ERCOT,Demand_Growth,2025-05-01,35.52580645161291,601805.6718367011,34.45483870967742,630952.281317666,1.0709677419354904,-29146.60948096495
ERCOT,Renewable_Push,2025-05-01,37.68064516129032,728721.7538496726,34.45483870967742,630952.281317666,3.225806451612904,97769.47253200656
ERCOT,Storage_Focus,2025-05-01,37.10967741935483,605417.4282285945,34.45483870967742,630952.281317666,2.6548387096774135,-25534.853089071577
ERCOT,Carbon_Tax,2025-06-01,36.760000000000005,651558.8154969922,34.74999999999999,600421.624141626,2.010000000000012,51137.19135536626
ERCOT,Demand_Growth,2025-06-01,35.82666666666667,592876.3313745955,34.74999999999999,600421.624141626,1.076666666666675,-7545.29276703042
ERCOT,Renewable_Push,2025-06-01,37.84,697531.9415917544,34.74999999999999,600421.624141626,3.0900000000000105,97110.3174501285
ERCOT,Storage_Focus,2025-06-01,37.33333333333333,595037.0954112284,34.74999999999999,600421.624141626,2.5833333333333357,-5384.528730397578
ERCOT,Carbon_Tax,2025-07-01,36.880645161290325,738323.3765996732,34.70645161290323,753637.3999399648,2.1741935483870947,-15314.023340291576
ERCOT,Demand_Growth,2025-07-01,35.822580645161295,618960.0694089148,34.70645161290323,753637.3999399648,1.1161290322580655,-134677.33053104999
ERCOT,Renewable_Push,2025-07-01,37.82903225806451,751282.6357884646,34.70645161290323,753637.3999399648,3.1225806451612783,-2354.7641515001887
ERCOT,Storage_Focus,2025-07-01,37.26774193548386,684158.8963972871,34.70645161290323,753637.3999399648,2.561290322580632,-69478.50354267762
ERCOT,Carbon_Tax,2025-08-01,36.71612903225807,775065.2159315759,34.590322580645164,691090.306475224,2.1258064516129025,83974.90945635189
ERCOT,Demand_Growth,2025-08-01,35.57419354838709,735019.4344168205,34.590322580645164,691090.306475224,0.9838709677419288,43929.127941596555
ERCOT,Renewable_Push,2025-08-01,37.92258064516129,803952.3683973524,34.590322580645164,691090.306475224,3.3322580645161253,112862.06192212843
ERCOT,Storage_Focus,2025-08-01,37.10645161290322,763974.2557660777,34.590322580645164,691090.306475224,2.516129032258057,72883.94929085369
ERCOT,Carbon_Tax,2025-09-01,36.56666666666667,628152.1983346355,34.306666666666665,589002.0602758047,2.260000000000005,39150.13805883075
ERCOT,Demand_Growth,2025-09-01,35.55333333333333,689563.2618441544,34.306666666666665,589002.0602758047,1.2466666666666626,100561.20156834973
ERCOT,Renewable_Push,2025-09-01,37.57666666666667,653922.8072326627,34.306666666666665,589002.0602758047,3.270000000000003,64920.74695685797
ERCOT,Storage_Focus,2025-09-01,37.02,749843.3517098879,34.306666666666665,589002.0602758047,2.7133333333333383,160841.29143408313
ERCOT,Carbon_Tax,2025-10-01,36.2483870967742,696517.9125020663,34.13548387096774,600236.8153588389,2.1129032258064626,96281.09714322747
ERCOT,Demand_Growth,2025-10-01,35.270967741935486,620826.279475443,34.13548387096774,600236.8153588389,1.1354838709677466,20589.464116604067
ERCOT,Renewable_Push,2025-10-01,37.36451612903225,647855.2592298886,34.13548387096774,600236.8153588389,3.229032258064514,47618.443871049676
ERCOT,Storage_Focus,2025-10-01,36.78709677419355,777457.6751190581,34.13548387096774,600236.8153588389,2.6516129032258107,177220.85976021923
ERCOT,Carbon_Tax,2025-11-01,35.99333333333333,699605.2321139966,33.86999999999999,597261.8058390849,2.123333333333342,102343.42627491173
ERCOT,Demand_Growth,2025-11-01,34.936666666666675,639035.6517956337,33.86999999999999,597261.8058390849,1.0666666666666842,41773.845956548816
ERCOT,Renewable_Push,2025-11-01,37.25,747091.7200953116,33.86999999999999,597261.8058390849,3.3800000000000097,149829.91425622674
ERCOT,Storage_Focus,2025-11-01,36.49666666666666,623916.5679010743,33.86999999999999,597261.8058390849,2.6266666666666723,26654.7620619894
ERCOT,Carbon_Tax,2025-12-01,35.983870967741936,755424.9562681182,33.86129032258064,605242.2354400719,2.1225806451612925,150182.72082804632
ERCOT,Demand_Growth,2025-12-01,34.96129032258064,586594.5561126637,33.86129032258064,605242.2354400719,1.0999999999999943,-18647.6793274082
ERCOT,Renewable_Push,2025-12-01,37.04838709677419,625352.0903867813,33.86129032258064,605242.2354400719,3.1870967741935488,20109.854946709354
ERCOT,Storage_Focus,2025-12-01,36.33870967741935,624460.4063712547,33.86129032258064,605242.2354400719,2.477419354838709,19218.1709311828
NYISO,Carbon_Tax,2023-01-01,34.435483870967744,402493.93457403855,32.37096774193548,390950.4361453859,2.0645161290322633,11543.498428652645
NYISO,Demand_Growth,2023-01-01,33.37419354838709,362097.72182228894,32.37096774193548,390950.4361453859,1.00322580645161,-28852.714323096967
NYISO,Renewable_Push,2023-01-01,35.558064516129036,383043.4545807153,32.37096774193548,390950.4361453859,3.187096774193556,-7906.9815646706265
NYISO,Storage_Focus,2023-01-01,34.72580645161291,361600.05745230464,32.37096774193548,390950.4361453859,2.3548387096774306,-29350.378693081264
NYISO,Carbon_Tax,2023-02-01,34.51071428571428,305340.7862891151,32.33214285714286,281197.7703701103,2.1785714285714164,24143.0159190048
NYISO,Demand_Growth,2023-02-01,33.52857142857143,248213.1821899779,32.33214285714286,281197.7703701103,1.1964285714285694,-32984.588180132385
NYISO,Renewable_Push,2023-02-01,35.55357142857143,313162.3206728232,32.33214285714286,281197.7703701103,3.221428571428568,31964.550302712887
NYISO,Storage_Focus,2023-02-01,35.14999999999999,301715.56505048287,32.33214285714286,281197.7703701103,2.817857142857129,20517.79468037258
NYISO,Carbon_Tax,2023-03-01,34.861290322580636,350972.31183110614,32.593548387096774,307073.79790012754,2.267741935483862,43898.5139309786
NYISO,Demand_Growth,2023-03-01,33.73870967741936,314812.481397715,32.593548387096774,307073.79790012754,1.1451612903225836,7738.683497587452
NYISO,Renewable_Push,2023-03-01,35.81612903225806,305987.50164105283,32.593548387096774,307073.79790012754,3.222580645161287,-1086.2962590747047
NYISO,Storage_Focus,2023-03-01,35.24838709677419,302271.55736771645,32.593548387096774,307073.79790012754,2.6548387096774135,-4802.240532411088
NYISO,Carbon_Tax,2023-04-01,35.13999999999999,344821.27833693917,32.85666666666667,286134.7711828884,2.2833333333333243,58686.50715405075
NYISO,Demand_Growth,2023-04-01,34.01666666666667,308479.1154392084,32.85666666666667,286134.7711828884,1.1600000000000037,22344.34425631998
NYISO,Renewable_Push,2023-04-01,36.11666666666667,301572.2297618503,32.85666666666667,286134.7711828884,3.259999999999998,15437.458578961901
NYISO,Storage_Focus,2023-04-01,35.29666666666666,348416.1298006412,32.85666666666667,286134.7711828884,2.4399999999999906,62281.35861775279
NYISO,Carbon_Tax,2023-05-01,35.203225806451606,347948.39248122316,33.10322580645162,292197.93635530444,2.099999999999987,55750.45612591872
NYISO,Demand_Growth,2023-05-01,34.1225806451613,318157.3264381797,33.10322580645162,292197.93635530444,1.0193548387096811,25959.390082875267
NYISO,Renewable_Push,2023-05-01,36.041935483870965,383113.85624998744,33.10322580645162,292197.93635530444,2.9387096774193466,90915.919894683
NYISO,Storage_Focus,2023-05-01,35.66129032258065,365358.7353371281,33.10322580645162,292197.93635530444,2.558064516129029,73160.79898182367
NYISO,Carbon_Tax,2023-06-01,35.29333333333333,332463.23919618624,33.173333333333325,374163.67476120713,2.1200000000000045,-41700.43556502089
NYISO,Demand_Growth,2023-06-01,34.20666666666666,362070.9867650633,33.173333333333325,374163.67476120713,1.0333333333333385,-12092.687996143824
NYISO,Renewable_Push,2023-06-01,36.24666666666667,349372.20765064855,33.173333333333325,374163.67476120713,3.073333333333345,-24791.467110558588
NYISO,Storage_Focus,2023-06-01,35.80666666666666,358308.82192198804,33.173333333333325,374163.67476120713,2.633333333333333,-15854.852839219093
NYISO,Carbon_Tax,2023-07-01,35.18387096774193,370360.0115991862,33.193548387096776,395568.9774298442,1.9903225806451559,-25208.96583065798
NYISO,Demand_Growth,2023-07-01,34.20645161290323,346893.83281892264,33.193548387096776,395568.9774298442,1.012903225806454,-48675.14461092156
NYISO,Renewable_Push,2023-07-01,36.34838709677419,389160.2748071764,33.193548387096776,395568.9774298442,3.1548387096774135,-6408.702622667828
NYISO,Storage_Focus,2023-07-01,35.62580645161291,392479.27037798695,33.193548387096776,395568.9774298442,2.432258064516134,-3089.707051857258
NYISO,Carbon_Tax,2023-08-01,35.167741935483875,382302.720657312,33.13225806451614,347585.3292243512,2.035483870967738,34717.39143296081
NYISO,Demand_Growth,2023-08-01,34.21290322580644,374672.90935725113,33.13225806451614,347585.3292243512,1.080645161290306,27087.580132899922
NYISO,Renewable_Push,2023-08-01,36.254838709677415,424825.4500116677,33.13225806451614,347585.3292243512,3.1225806451612783,77240.12078731647
NYISO,Storage_Focus,2023-08-01,35.57741935483872,392832.10584164376,33.13225806451614,347585.3292243512,2.445161290322581,45246.77661729255
NYISO,Carbon_Tax,2023-09-01,35.02333333333333,415977.9302372888,32.84,359465.59780832817,2.18333333333333,56512.33242896065
NYISO,Demand_Growth,2023-09-01,33.89,340505.02030417847,32.84,359465.59780832817,1.0499999999999972,-18960.577504149696
NYISO,Renewable_Push,2023-09-01,35.97333333333333,393841.6438517954,32.84,359465.59780832817,3.1333333333333258,34376.04604346724
NYISO,Storage_Focus,2023-09-01,35.41666666666667,374123.26148221304,32.84,359465.59780832817,2.576666666666668,14657.663673884876
NYISO,Carbon_Tax,2023-10-01,34.86451612903225,429047.80669460335,32.541935483870965,385577.3357632984,2.3225806451612883,43470.47093130497
NYISO,Demand_Growth,2023-10-01,33.593548387096774,347605.14655754453,32.541935483870965,385577.3357632984,1.0516129032258092,-37972.18920575385
NYISO,Renewable_Push,2023-10-01,35.76129032258064,370719.1407855975,32.541935483870965,385577.3357632984,3.219354838709677,-14858.194977700885
NYISO,Storage_Focus,2023-10-01,35.15161290322581,394452.3786099787,32.541935483870965,385577.3357632984,2.6096774193548455,8875.042846680328
NYISO,Carbon_Tax,2023-11-01,34.54,323190.6583566604,32.33,370278.1779184351,2.210000000000001,-47087.51956177468
NYISO,Demand_Growth,2023-11-01,33.589999999999996,326019.127662773,32.33,370278.1779184351,1.259999999999998,-44259.05025566206
NYISO,Renewable_Push,2023-11-01,35.61666666666667,444384.93808749755,32.33,370278.1779184351,3.286666666666669,74106.76016906247
NYISO,Storage_Focus,2023-11-01,35.019999999999996,394992.305283328,32.33,370278.1779184351,2.6899999999999977,24714.12736489292
NYISO,Carbon_Tax,2023-12-01,34.435483870967744,398526.7753354287,32.24193548387097,320787.7308031727,2.193548387096776,77739.04453225603
NYISO,Demand_Growth,2023-12-01,33.34838709677419,320208.66891191603,32.24193548387097,320787.7308031727,1.1064516129032214,-579.061891256657
NYISO,Renewable_Push,2023-12-01,35.393548387096786,374196.0931884826,32.24193548387097,320787.7308031727,3.1516129032258178,53408.36238530994
NYISO,Storage_Focus,2023-12-01,34.79999999999999,342385.9096248629,32.24193548387097,320787.7308031727,2.558064516129022,21598.178821690206
NYISO,Carbon_Tax,2024-01-01,34.42903225806451,390698.78380880074,32.41612903225806,304258.9095425352,2.012903225806447,86439.87426626554
NYISO,Demand_Growth,2024-01-01,33.32258064516129,304993.57492143876,32.41612903225806,304258.9095425352,0.9064516129032256,734.6653789035627
NYISO,Renewable_Push,2024-01-01,35.558064516129036,357718.1802403883,32.41612903225806,304258.9095425352,3.1419354838709737,53459.27069785312
NYISO,Storage_Focus,2024-01-01,34.92903225806452,324945.2370808605,32.41612903225806,304258.9095425352,2.512903225806454,20686.327538325277
NYISO,Carbon_Tax,2024-02-01,34.46551724137931,353076.9650316132,32.41724137931035,340761.4549930151,2.0482758620689623,12315.510038598091
NYISO,Demand_Growth,2024-02-01,33.38965517241379,305978.7117154147,32.41724137931035,340761.4549930151,0.972413793103442,-34782.743277600384
NYISO,Renewable_Push,2024-02-01,35.53103448275862,336634.72498046624,32.41724137931035,340761.4549930151,3.1137931034482733,-4126.730012548855
NYISO,Storage_Focus,2024-02-01,34.8,319758.9849079997,32.41724137931035,340761.4549930151,2.38275862068965,-21002.470085015404
NYISO,Carbon_Tax,2024-03-01,34.81935483870968,353006.67119040166,32.66451612903226,319182.6536819779,2.1548387096774206,33824.01750842377
NYISO,Demand_Growth,2024-03-01,33.5225806451613,314028.20903670316,32.66451612903226,319182.6536819779,0.8580645161290406,-5154.444645274722
NYISO,Renewable_Push,2024-03-01,35.593548387096774,384410.8001111608,32.66451612903226,319182.6536819779,2.9290322580645167,65228.1464291829
NYISO,Storage_Focus,2024-03-01,35.090322580645164,316698.9506438616,32.66451612903226,319182.6536819779,2.4258064516129068,-2483.7030381162767
NYISO,Carbon_Tax,2024-04-01,34.90666666666667,342001.9418420126,32.82666666666667,276717.6188753744,2.0800000000000054,65284.322966638196
NYISO,Demand_Growth,2024-04-01,33.993333333333325,303084.483728758,32.82666666666667,276717.6188753744,1.1666666666666572,26366.864853383624
NYISO,Renewable_Push,2024-04-01,35.876666666666665,348568.7072935662,32.82666666666667,276717.6188753744,3.049999999999997,71851.08841819182
NYISO,Storage_Focus,2024-04-01,35.25999999999999,355638.44675911864,32.82666666666667,276717.6188753744,2.433333333333323,78920.82788374426
NYISO,Carbon_Tax,2024-05-01,35.103225806451604,404077.5930775708,32.98064516129032,316325.20030520816,2.1225806451612854,87752.39277236263
NYISO,Demand_Growth,2024-05-01,34.08387096774194,345332.3756966905,32.98064516129032,316325.20030520816,1.1032258064516185,29007.175391482364
NYISO,Renewable_Push,2024-05-01,36.241935483870975,305324.59687064093,32.98064516129032,316325.20030520816,3.261290322580656,-11000.603434567223
NYISO,Storage_Focus,2024-05-01,35.53548387096774,328308.4460394493,32.98064516129032,316325.20030520816,2.554838709677419,11983.24573424115
NYISO,Carbon_Tax,2024-06-01,35.38,385650.5707219047,33.22666666666667,340591.55551822763,2.153333333333336,45059.01520367706
NYISO,Demand_Growth,2024-06-01,34.13999999999999,324786.016465045,33.22666666666667,340591.55551822763,0.9133333333333269,-15805.539053182642
NYISO,Renewable_Push,2024-06-01,36.21000000000001,369170.6538112484,33.22666666666667,340591.55551822763,2.9833333333333414,28579.098293020797
NYISO,Storage_Focus,2024-06-01,35.75666666666667,323632.11628750025,33.22666666666667,340591.55551822763,2.530000000000001,-16959.43923072738
NYISO,Carbon_Tax,2024-07-01,35.21935483870967,413555.99043971323,33.1741935483871,345593.11064934294,2.045161290322568,67962.8797903703
NYISO,Demand_Growth,2024-07-01,34.33870967741934,340899.1347352729,33.1741935483871,345593.11064934294,1.1645161290322363,-4693.9759140700335
NYISO,Renewable_Push,2024-07-01,36.24516129032259,414845.3444804447,33.1741935483871,345593.11064934294,3.0709677419354904,69252.23383110174
NYISO,Storage_Focus,2024-07-01,35.79354838709677,316096.7397133309,33.1741935483871,345593.11064934294,2.6193548387096683,-29496.370936012012
NYISO,Carbon_Tax,2024-08-01,35.122580645161285,381617.8201010793,33.0258064516129,384391.1710725185,2.0967741935483843,-2773.350971439213
NYISO,Demand_Growth,2024-08-01,33.93225806451613,402401.65050055983,33.0258064516129,384391.1710725185,0.9064516129032256,18010.47942804132
NYISO,Renewable_Push,2024-08-01,36.274193548387096,403775.12502001645,33.0258064516129,384391.1710725185,3.248387096774195,19383.95394749794
NYISO,Storage_Focus,2024-08-01,35.54193548387097,422357.6152554575,33.0258064516129,384391.1710725185,2.516129032258071,37966.44418293901
NYISO,Carbon_Tax,2024-09-01,35.04666666666666,340678.77475663705,32.96333333333333,380474.5204715068,2.0833333333333286,-39795.74571486976
NYISO,Demand_Growth,2024-09-01,34.02666666666667,314529.1474098754,32.96333333333333,380474.5204715068,1.0633333333333397,-65945.3730616314
NYISO,Renewable_Push,2024-09-01,36.03,399626.4612825914,32.96333333333333,380474.5204715068,3.06666666666667,19151.940811084583
NYISO,Storage_Focus,2024-09-01,35.406666666666666,418674.19624728657,32.96333333333333,380474.5204715068,2.443333333333335,38199.67577577976
NYISO,Carbon_Tax,2024-10-01,34.85806451612903,362861.86585127574,32.67741935483871,351324.99704693974,2.1806451612903217,11536.868804336002
NYISO,Demand_Growth,2024-10-01,33.61290322580645,379806.26258617215,32.67741935483871,351324.99704693974,0.9354838709677367,28481.26553923241
NYISO,Renewable_Push,2024-10-01,35.53225806451612,413843.3462494778,32.67741935483871,351324.99704693974,2.8548387096774093,62518.349202538084
NYISO,Storage_Focus,2024-10-01,35.2,378583.4282881231,32.67741935483871,351324.99704693974,2.522580645161291,27258.431241183367
NYISO,Carbon_Tax,2024-11-01,34.61,325336.4072913614,32.43333333333332,338731.83967743214,2.1766666666666765,-13395.432386070723
NYISO,Demand_Growth,2024-11-01,33.37666666666668,337543.63182995806,32.43333333333332,338731.83967743214,0.9433333333333564,-1188.2078474740847
NYISO,Renewable_Push,2024-11-01,35.54333333333334,320609.9399512794,32.43333333333332,338731.83967743214,3.1100000000000136,-18121.89972615277
NYISO,Storage_Focus,2024-11-01,34.95333333333334,362131.2711210619,32.43333333333332,338731.83967743214,2.5200000000000173,23399.431443629728
NYISO,Carbon_Tax,2024-12-01,34.37096774193547,391223.43461631576,32.34838709677419,335588.54071722506,2.022580645161284,55634.893899090705
NYISO,Demand_Growth,2024-12-01,33.354838709677416,342488.2507547361,32.34838709677419,335588.54071722506,1.006451612903227,6899.710037511017
NYISO,Renewable_Push,2024-12-01,35.561290322580646,390756.3972922577,32.34838709677419,335588.54071722506,3.212903225806457,55167.85657503264
NYISO,Storage_Focus,2024-12-01,34.90967741935484,335074.10486171267,32.34838709677419,335588.54071722506,2.5612903225806534,-514.4358555123908
NYISO,Carbon_Tax,2025-01-01,34.477419354838716,361757.61308448174,32.29677419354839,368712.689651467,2.180645161290329,-6955.076566985284
NYISO,Demand_Growth,2025-01-01,33.38387096774194,321805.6246482449,32.29677419354839,368712.689651467,1.0870967741935544,-46907.065003222146
NYISO,Renewable_Push,2025-01-01,35.490322580645156,366415.1599862803,32.29677419354839,368712.689651467,3.1935483870967687,-2297.52966518671
NYISO,Storage_Focus,2025-01-01,34.78064516129032,400515.20679279754,32.29677419354839,368712.689651467,2.483870967741936,31802.51714133052
NYISO,Carbon_Tax,2025-02-01,34.62142857142858,267485.7520046279,32.482142857142854,261135.71071247675,2.1392857142857267,6350.041292151145
NYISO,Demand_Growth,2025-02-01,33.54642857142857,272267.70748469525,32.482142857142854,261135.71071247675,1.0642857142857167,11131.996772218496
NYISO,Renewable_Push,2025-02-01,35.55714285714286,342258.53632254,32.482142857142854,261135.71071247675,3.075000000000003,81122.82561006327
NYISO,Storage_Focus,2025-02-01,34.89285714285715,259104.55397398112,32.482142857142854,261135.71071247675,2.410714285714299,-2031.1567384956288
NYISO,Carbon_Tax,2025-03-01,34.67096774193549,341507.0317861446,32.66451612903226,324804.1456245261,2.006451612903234,16702.886161618517
NYISO,Demand_Growth,2025-03-01,33.71935483870967,308778.2776243498,32.66451612903226,324804.1456245261,1.0548387096774121,-16025.86800017627
NYISO,Renewable_Push,2025-03-01,35.66451612903226,344429.6246609658,32.66451612903226,324804.1456245261,3.0,19625.479036439734
NYISO,Storage_Focus,2025-03-01,35.20645161290322,310952.2652631884,32.66451612903226,324804.1456245261,2.541935483870965,-13851.88036133768
NYISO,Carbon_Tax,2025-04-01,34.980000000000004,358060.5920918008,32.87666666666666,299008.6030122272,2.103333333333346,59051.9890795736
NYISO,Demand_Growth,2025-04-01,33.77,297537.83715816034,32.87666666666666,299008.6030122272,0.8933333333333451,-1470.765854066878
NYISO,Renewable_Push,2025-04-01,35.89333333333334,348366.26913928497,32.87666666666666,299008.6030122272,3.01666666666668,49357.666127057746
NYISO,Storage_Focus,2025-04-01,35.42666666666666,297293.79307310405,32.87666666666666,299008.6030122272,2.5500000000000043,-1714.8099391231663
NYISO,Carbon_Tax,2025-05-01,35.061290322580646,391412.28694354265,32.9741935483871,323383.3569076241,2.0870967741935473,68028.93003591854
NYISO,Demand_Growth,2025-05-01,34.04516129032258,307302.5479012666,32.9741935483871,323383.3569076241,1.0709677419354833,-16080.809006357507
NYISO,Renewable_Push,2025-05-01,36.07096774193549,344139.67800328514,32.9741935483871,323383.3569076241,3.0967741935483915,20756.321095661027
NYISO,Storage_Focus,2025-05-01,35.44193548387097,359079.09975747106,32.9741935483871,323383.3569076241,2.467741935483872,35695.74284984695
NYISO,Carbon_Tax,2025-06-01,35.333333333333336,359742.4076025365,33.1,339177.6394542617,2.2333333333333343,20564.7681482748
NYISO,Demand_Growth,2025-06-01,34.28666666666667,285840.1884796337,33.1,339177.6394542617,1.1866666666666674,-53337.45097462798
NYISO,Renewable_Push,2025-06-01,36.18666666666666,383272.6205376466,33.1,339177.6394542617,3.086666666666659,44094.98108338489
NYISO,Storage_Focus,2025-06-01,35.54666666666666,357081.96217250504,33.1,339177.6394542617,2.4466666666666583,17904.322718243347
NYISO,Carbon_Tax,2025-07-01,35.34193548387097,400833.5630275027,33.161290322580655,339661.90235213155,2.1806451612903146,61171.660675371124
NYISO,Demand_Growth,2025-07-01,34.27096774193548,353114.7078377109,33.161290322580655,339661.90235213155,1.1096774193548242,13452.80548557936
NYISO,Renewable_Push,2025-07-01,36.54838709677418,387148.61017935886,33.161290322580655,339661.90235213155,3.387096774193523,47486.70782722731
NYISO,Storage_Focus,2025-07-01,35.748387096774195,396826.09858285624,33.161290322580655,339661.90235213155,2.5870967741935402,57164.19623072469
NYISO,Carbon_Tax,2025-08-01,35.122580645161285,391030.51259016205,32.97741935483871,352283.8610549099,2.1451612903225765,38746.65153525217
NYISO,Demand_Growth,2025-08-01,34.129032258064505,347232.04509064567,32.97741935483871,352283.8610549099,1.1516129032257965,-5051.815964264213
NYISO,Renewable_Push,2025-08-01,36.18709677419355,384713.0195739298,32.97741935483871,352283.8610549099,3.20967741935484,32429.158519019897
NYISO,Storage_Focus,2025-08-01,35.616129032258065,390775.7684910793,32.97741935483871,352283.8610549099,2.6387096774193566,38491.90743616939
NYISO,Carbon_Tax,2025-09-01,35.09333333333334,337673.3063118091,32.836666666666666,380565.5965683692,2.256666666666675,-42892.29025656008
NYISO,Demand_Growth,2025-09-01,33.89,379166.1202167291,32.836666666666666,380565.5965683692,1.0533333333333346,-1399.4763516400708
NYISO,Renewable_Push,2025-09-01,35.93999999999999,426370.58834741195,32.836666666666666,380565.5965683692,3.1033333333333246,45804.99177904276
NYISO,Storage_Focus,2025-09-01,35.343333333333334,369427.8551426174,32.836666666666666,380565.5965683692,2.5066666666666677,-11137.741425751767
NYISO,Carbon_Tax,2025-10-01,34.64193548387097,406775.57672031195,32.68387096774194,367161.4326464983,1.9580645161290278,39614.14407381363
NYISO,Demand_Growth,2025-10-01,33.68387096774194,384720.153821342,32.68387096774194,367161.4326464983,1.0,17558.721174843668
NYISO,Renewable_Push,2025-10-01,35.81935483870967,421573.4643688063,32.68387096774194,367161.4326464983,3.1354838709677324,54412.03172230796
NYISO,Storage_Focus,2025-10-01,35.18387096774193,368076.3688226595,32.68387096774194,367161.4326464983,2.499999999999993,914.9361761611653
NYISO,Carbon_Tax,2025-11-01,34.63,412399.55286932905,32.39666666666667,332569.0851161909,2.2333333333333343,79830.46775313816
NYISO,Demand_Growth,2025-11-01,33.503333333333345,351813.3245976571,32.39666666666667,332569.0851161909,1.1066666666666762,19244.239481466182
NYISO,Renewable_Push,2025-11-01,35.656666666666666,394693.8414607469,32.39666666666667,332569.0851161909,3.259999999999998,62124.75634455599
NYISO,Storage_Focus,2025-11-01,34.89,325928.5029444419,32.39666666666667,332569.0851161909,2.4933333333333323,-6640.582171748974
NYISO,Carbon_Tax,2025-12-01,34.47096774193548,383681.8193906014,32.374193548387105,382200.31897892465,2.0967741935483772,1481.5004116767668
NYISO,Demand_Growth,2025-12-01,33.403225806451616,294865.0076580178,32.374193548387105,382200.31897892465,1.029032258064511,-87335.31132090685
NYISO,Renewable_Push,2025-12-01,35.4741935483871,384869.90441033005,32.374193548387105,382200.31897892465,3.0999999999999943,2669.5854314054013
NYISO,Storage_Focus,2025-12-01,34.76129032258064,333892.3036700171,32.374193548387105,382200.31897892465,2.3870967741935374,-48308.01530890755
PJM,Carbon_Tax,2023-01-01,28.06451612903226,683426.3000395894,26.238709677419354,610137.6939854417,1.8258064516129053,73288.6060541477
PJM,Demand_Growth,2023-01-01,27.077419354838707,604953.5466175559,26.238709677419354,610137.6939854417,0.8387096774193523,-5184.147367885802
PJM,Renewable_Push,2023-01-01,28.838709677419363,674977.70565369,26.238709677419354,610137.6939854417,2.6000000000000085,64840.011668248335
PJM,Storage_Focus,2023-01-01,28.46129032258065,734549.1459797604,26.238709677419354,610137.6939854417,2.222580645161294,124411.45199431875
PJM,Carbon_Tax,2023-02-01,28.017857142857146,567875.2585693358,26.317857142857147,543968.5322592364,1.6999999999999993,23906.72631009936
PJM,Demand_Growth,2023-02-01,27.114285714285707,590492.3374914989,26.317857142857147,543968.5322592364,0.7964285714285602,46523.80523226247
PJM,Renewable_Push,2023-02-01,29.15357142857143,646498.3834312687,26.317857142857147,543968.5322592364,2.835714285714282,102529.8511720323
PJM,Storage_Focus,2023-02-01,28.492857142857137,511532.4313350522,26.317857142857147,543968.5322592364,2.17499999999999,-32436.100924184255
PJM,Carbon_Tax,2023-03-01,28.267741935483873,705637.8779829447,26.38387096774193,728296.306218507,1.8838709677419416,-22658.428235562285
PJM,Demand_Growth,2023-03-01,27.464516129032265,575965.5539114435,26.38387096774193,728296.306218507,1.0806451612903345,-152330.75230706355
PJM,Renewable_Push,2023-03-01,29.251612903225812,661953.1108178195,26.38387096774193,728296.306218507,2.867741935483881,-66343.19540068752
PJM,Storage_Focus,2023-03-01,28.758064516129032,682287.0692193869,26.38387096774193,728296.306218507,2.374193548387101,-46009.2369991201
PJM,Carbon_Tax,2023-04-01,28.440000000000005,565482.3140101166,26.533333333333335,622675.6959114273,1.9066666666666698,-57193.38190131064
PJM,Demand_Growth,2023-04-01,27.56,613294.4169167726,26.533333333333335,622675.6959114273,1.0266666666666637,-9381.278994654655
PJM,Renewable_Push,2023-04-01,29.39666666666666,560008.118225792,26.533333333333335,622675.6959114273,2.863333333333326,-62667.577685635304
PJM,Storage_Focus,2023-04-01,28.843333333333344,610745.752058533,26.533333333333335,622675.6959114273,2.3100000000000094,-11929.943852894241
PJM,Carbon_Tax,2023-05-01,28.658064516129027,677662.9065281195,26.745161290322578,654708.393630902,1.9129032258064491,22954.512897217413
PJM,Demand_Growth,2023-05-01,27.745161290322578,654847.3187304336,26.745161290322578,654708.393630902,1.0,138.92509953153785
PJM,Renewable_Push,2023-05-01,29.68064516129032,756807.6480903324,26.745161290322578,654708.393630902,2.9354838709677438,102099.25445943035
PJM,Storage_Focus,2023-05-01,28.999999999999996,654198.25580925,26.745161290322578,654708.393630902,2.2548387096774185,-510.1378216519952
PJM,Carbon_Tax,2023-06-01,28.8,693535.1350882207,26.823333333333334,627403.7056342496,1.9766666666666666,66131.4294539711
PJM,Demand_Growth,2023-06-01,27.90333333333333,673612.1156797989,26.823333333333334,627403.7056342496,1.0799999999999947,46208.41004554927
PJM,Renewable_Push,2023-06-01,29.673333333333332,611023.3237882592,26.823333333333334,627403.7056342496,2.849999999999998,-16380.381845990429
PJM,Storage_Focus,2023-06-01,29.193333333333335,648227.8474054745,26.823333333333334,627403.7056342496,2.370000000000001,20824.14177122491
PJM,Carbon_Tax,2023-07-01,28.761290322580642,793074.0139261986,26.851612903225803,662086.059777245,1.9096774193548391,130987.95414895355
PJM,Demand_Growth,2023-07-01,27.793548387096777,686875.7119787928,26.851612903225803,662086.059777245,0.9419354838709744,24789.652201547753
PJM,Renewable_Push,2023-07-01,29.648387096774197,799298.7403535399,26.851612903225803,662086.059777245,2.7967741935483943,137212.6805762949
PJM,Storage_Focus,2023-07-01,29.074193548387093,602787.3796990865,26.851612903225803,662086.059777245,2.2225806451612904,-59298.680078158504
PJM,Carbon_Tax,2023-08-01,28.667741935483864,740392.1518670713,26.690322580645155,724560.4032525233,1.977419354838709,15831.748614548007
PJM,Demand_Growth,2023-08-01,27.732258064516124,724866.545882524,26.690322580645155,724560.4032525233,1.0419354838709687,306.14263000071514
PJM,Renewable_Push,2023-08-01,29.49677419354839,775591.9515962081,26.690322580645155,724560.4032525233,2.806451612903235,51031.54834368487
PJM,Storage_Focus,2023-08-01,28.95483870967742,753026.6836857665,26.690322580645155,724560.4032525233,2.264516129032266,28466.280433243257
PJM,Carbon_Tax,2023-09-01,28.48,677832.8765913049,26.566666666666666,643000.1715699817,1.913333333333334,34832.70502132317
PJM,Demand_Growth,2023-09-01,27.610000000000003,781405.5384662229,26.566666666666666,643000.1715699817,1.0433333333333366,138405.3668962412
PJM,Renewable_Push,2023-09-01,29.540000000000006,735494.0974571522,26.566666666666666,643000.1715699817,2.97333333333334,92493.92588717048
PJM,Storage_Focus,2023-09-01,28.87333333333333,854626.9599368415,26.566666666666666,643000.1715699817,2.306666666666665,211626.78836685978
PJM,Carbon_Tax,2023-10-01,28.277419354838706,755481.9730870092,26.39677419354838,750536.5583323211,1.8806451612903246,4945.414754688041
PJM,Demand_Growth,2023-10-01,27.361290322580643,891611.092913077,26.39677419354838,750536.5583323211,0.9645161290322619,141074.53458075586
PJM,Renewable_Push,2023-10-01,29.303225806451607,756128.343239669,26.39677419354838,750536.5583323211,2.9064516129032256,5591.784907347872
PJM,Storage_Focus,2023-10-01,28.738709677419358,745821.9567111146,26.39677419354838,750536.5583323211,2.3419354838709765,-4714.601621206501
PJM,Carbon_Tax,2023-11-01,28.046666666666663,713622.3827895649,26.213333333333335,610796.8892361273,1.8333333333333286,102825.49355343764
PJM,Demand_Growth,2023-11-01,27.173333333333336,677669.9028537248,26.213333333333335,610796.8892361273,0.9600000000000009,66873.01361759752
PJM,Renewable_Push,2023-11-01,28.99666666666667,773080.2867883657,26.213333333333335,610796.8892361273,2.783333333333335,162283.39755223843
PJM,Storage_Focus,2023-11-01,28.46,748627.8687163423,26.213333333333335,610796.8892361273,2.246666666666666,137830.979480215
PJM,Carbon_Tax,2023-12-01,28.103225806451615,785319.1067386905,26.187096774193545,658317.0281565291,1.9161290322580697,127002.07858216146
PJM,Demand_Growth,2023-12-01,27.045161290322586,694698.8531133322,26.187096774193545,658317.0281565291,0.8580645161290406,36381.82495680312
PJM,Renewable_Push,2023-12-01,28.89354838709678,707081.7722412641,26.187096774193545,658317.0281565291,2.7064516129032334,48764.74408473505
PJM,Storage_Focus,2023-12-01,28.496774193548383,703503.8625087657,26.187096774193545,658317.0281565291,2.3096774193548377,45186.83435223659
PJM,Carbon_Tax,2024-01-01,27.906451612903222,736773.3683834799,26.112903225806445,577655.5107374188,1.7935483870967772,159117.8576460611
PJM,Demand_Growth,2024-01-01,27.154838709677417,609161.467917101,26.112903225806445,577655.5107374188,1.0419354838709722,31505.957179682213
PJM,Renewable_Push,2024-01-01,28.94516129032258,662403.9632298737,26.112903225806445,577655.5107374188,2.832258064516136,84748.4524924549
PJM,Storage_Focus,2024-01-01,28.325806451612905,668046.9176449932,26.112903225806445,577655.5107374188,2.2129032258064605,90391.40690757439
PJM,Carbon_Tax,2024-02-01,28.08275862068965,583627.1211190411,26.144827586206898,506084.6643807707,1.9379310344827516,77542.45673827041
PJM,Demand_Growth,2024-02-01,27.117241379310347,621527.3949902501,26.144827586206898,506084.6643807707,0.9724137931034491,115442.73060947942
PJM,Renewable_Push,2024-02-01,29.027586206896547,697311.2154700122,26.144827586206898,506084.6643807707,2.88275862068965,191226.55108924146
PJM,Storage_Focus,2024-02-01,28.527586206896554,609609.037876107,26.144827586206898,506084.6643807707,2.382758620689657,103524.37349533633
PJM,Carbon_Tax,2024-03-01,28.21290322580645,605614.7418144344,26.36774193548387,591213.0513346661,1.8451612903225794,14401.690479768324
PJM,Demand_Growth,2024-03-01,27.425806451612907,655094.3334315218,26.36774193548387,591213.0513346661,1.0580645161290363,63881.28209685569
PJM,Renewable_Push,2024-03-01,29.325806451612905,676490.9981369206,26.36774193548387,591213.0513346661,2.958064516129035,85277.94680225453
PJM,Storage_Focus,2024-03-01,28.677419354838705,615814.0520838526,26.36774193548387,591213.0513346661,2.309677419354834,24601.000749186496
PJM,Carbon_Tax,2024-04-01,28.433333333333337,589983.0043720937,26.583333333333332,587888.8155838032,1.850000000000005,2094.188788290485
PJM,Demand_Growth,2024-04-01,27.686666666666664,576557.0229103799,26.583333333333332,587888.8155838032,1.1033333333333317,-11331.792673423304
PJM,Renewable_Push,2024-04-01,29.470000000000002,707062.3409627348,26.583333333333332,587888.8155838032,2.8866666666666703,119173.52537893155
PJM,Storage_Focus,2024-04-01,28.860000000000003,629303.5367984396,26.583333333333332,587888.8155838032,2.276666666666671,41414.721214636345
PJM,Carbon_Tax,2024-05-01,28.645161290322587,661413.874555474,26.716129032258063,672664.6762038048,1.9290322580645238,-11250.801648330758
PJM,Demand_Growth,2024-05-01,27.84193548387097,660221.7331443236,26.716129032258063,672664.6762038048,1.125806451612906,-12442.943059481215
PJM,Renewable_Push,2024-05-01,29.735483870967744,659700.3372398365,26.716129032258063,672664.6762038048,3.019354838709681,-12964.33896396833
PJM,Storage_Focus,2024-05-01,29.006451612903227,674023.8589139516,26.716129032258063,672664.6762038048,2.2903225806451637,1359.1827101467643
PJM,Carbon_Tax,2024-06-01,28.80666666666667,684509.7808880634,26.833333333333336,712737.7954120202,1.9733333333333327,-28228.01452395681
PJM,Demand_Growth,2024-06-01,27.82666666666666,668920.1040835207,26.833333333333336,712737.7954120202,0.9933333333333252,-43817.691328499466
PJM,Renewable_Push,2024-06-01,29.866666666666664,670053.1976722165,26.833333333333336,712737.7954120202,3.033333333333328,-42684.59773980372
PJM,Storage_Focus,2024-06-01,29.15333333333334,651476.1539910781,26.833333333333336,712737.7954120202,2.320000000000004,-61261.64142094203
PJM,Carbon_Tax,2024-07-01,28.799999999999997,738362.5819542776,26.89354838709677,671176.7433745392,1.9064516129032256,67185.8385797384
PJM,Demand_Growth,2024-07-01,27.896774193548385,805520.3899453504,26.89354838709677,671176.7433745392,1.0032258064516135,134343.64657081116
PJM,Renewable_Push,2024-07-01,29.70967741935484,754709.1782930051,26.89354838709677,671176.7433745392,2.8161290322580683,83532.43491846591
PJM,Storage_Focus,2024-07-01,28.954838709677418,748987.1791176483,26.89354838709677,671176.7433745392,2.0612903225806463,77810.43574310909
PJM,Carbon_Tax,2024-08-01,28.625806451612902,717305.1193844927,26.69677419354839,806211.5347590955,1.9290322580645132,-88906.41537460277
PJM,Demand_Growth,2024-08-01,27.89354838709677,712482.5902122923,26.69677419354839,806211.5347590955,1.1967741935483822,-93728.94454680325
PJM,Renewable_Push,2024-08-01,29.76451612903226,819541.0637460055,26.69677419354839,806211.5347590955,3.0677419354838698,13329.528986910009
PJM,Storage_Focus,2024-08-01,29.003225806451606,758658.4845110851,26.69677419354839,806211.5347590955,2.306451612903217,-47553.05024801043
PJM,Carbon_Tax,2024-09-01,28.500000000000004,656655.8312185614,26.58666666666667,719326.735890441,1.913333333333334,-62670.9046718796
PJM,Demand_Growth,2024-09-01,27.533333333333335,694633.4400680995,26.58666666666667,719326.735890441,0.9466666666666654,-24693.29582234146
PJM,Renewable_Push,2024-09-01,29.416666666666668,709889.3254088365,26.58666666666667,719326.735890441,2.8299999999999983,-9437.410481604515
PJM,Storage_Focus,2024-09-01,28.863333333333337,714237.2439781133,26.58666666666667,719326.735890441,2.2766666666666673,-5089.491912327707
PJM,Carbon_Tax,2024-10-01,28.212903225806453,741857.2750071818,26.358064516129033,722744.9884020177,1.85483870967742,19112.28660516406
PJM,Demand_Growth,2024-10-01,27.53225806451612,696254.2528285774,26.358064516129033,722744.9884020177,1.1741935483870876,-26490.735573440325
PJM,Renewable_Push,2024-10-01,29.196774193548386,822076.1671700684,26.358064516129033,722744.9884020177,2.8387096774193523,99331.17876805062
PJM,Storage_Focus,2024-10-01,28.52258064516129,748147.0239477918,26.358064516129033,722744.9884020177,2.1645161290322577,25402.035545774037
PJM,Carbon_Tax,2024-11-01,28.143333333333338,684090.6069163459,26.266666666666666,746249.9825436838,1.8766666666666723,-62159.375627337955
PJM,Demand_Growth,2024-11-01,27.103333333333335,704658.5343149904,26.266666666666666,746249.9825436838,0.8366666666666696,-41591.44822869345
PJM,Renewable_Push,2024-11-01,29.173333333333336,732706.9644926337,26.266666666666666,746249.9825436838,2.90666666666667,-13543.018051050138
PJM,Storage_Focus,2024-11-01,28.53333333333334,662440.9153228507,26.266666666666666,746249.9825436838,2.266666666666673,-83809.06722083315
PJM,Carbon_Tax,2024-12-01,27.974193548387102,747407.8738892983,26.306451612903224,717338.8073910174,1.6677419354838783,30069.066498280852
PJM,Demand_Growth,2024-12-01,27.238709677419358,656747.5081431414,26.306451612903224,717338.8073910174,0.9322580645161338,-60591.29924787604
PJM,Renewable_Push,2024-12-01,28.9258064516129,740215.1481723235,26.306451612903224,717338.8073910174,2.6193548387096754,22876.340781306033
PJM,Storage_Focus,2024-12-01,28.529032258064518,711578.6504789193,26.306451612903224,717338.8073910174,2.222580645161294,-5760.156912098173
PJM,Carbon_Tax,2025-01-01,28.051612903225806,645228.5477896867,26.161290322580648,672511.7975148704,1.890322580645158,-27283.249725183705
PJM,Demand_Growth,2025-01-01,26.980645161290326,606904.2471340741,26.161290322580648,672511.7975148704,0.8193548387096783,-65607.55038079631
PJM,Renewable_Push,2025-01-01,28.95806451612903,735362.9317838502,26.161290322580648,672511.7975148704,2.7967741935483836,62851.134268979775
PJM,Storage_Focus,2025-01-01,28.41935483870967,669922.7804483122,26.161290322580648,672511.7975148704,2.2580645161290214,-2589.017066558241
PJM,Carbon_Tax,2025-02-01,28.00714285714286,613589.6783529774,26.146428571428572,536762.493280785,1.8607142857142875,76827.18507219234
PJM,Demand_Growth,2025-02-01,27.217857142857138,541052.8239963374,26.146428571428572,536762.493280785,1.0714285714285658,4290.330715552322
PJM,Renewable_Push,2025-02-01,28.97857142857143,587635.2831318561,26.146428571428572,536762.493280785,2.832142857142859,50872.78985107108
PJM,Storage_Focus,2025-02-01,28.314285714285713,622519.2989635478,26.146428571428572,536762.493280785,2.167857142857141,85756.80568276276
PJM,Carbon_Tax,2025-03-01,28.29677419354839,653046.54032331,26.361290322580643,635628.4139839186,1.9354838709677473,17418.12633939134
PJM,Demand_Growth,2025-03-01,27.40322580645161,688036.2820034397,26.361290322580643,635628.4139839186,1.0419354838709651,52407.86801952112
PJM,Renewable_Push,2025-03-01,29.238709677419354,714695.5751357933,26.361290322580643,635628.4139839186,2.877419354838711,79067.1611518747
PJM,Storage_Focus,2025-03-01,28.735483870967744,650883.7821131009,26.361290322580643,635628.4139839186,2.374193548387101,15255.368129182258
PJM,Carbon_Tax,2025-04-01,28.526666666666664,690114.1932125144,26.65666666666667,585148.9094130263,1.869999999999994,104965.2837994881
PJM,Demand_Growth,2025-04-01,27.60333333333334,620362.2523821247,26.65666666666667,585148.9094130263,0.946666666666669,35213.34296909836
PJM,Renewable_Push,2025-04-01,29.319999999999997,612781.2395054364,26.65666666666667,585148.9094130263,2.663333333333327,27632.33009241009
PJM,Storage_Focus,2025-04-01,28.826666666666664,751264.1851442524,26.65666666666667,585148.9094130263,2.1699999999999946,166115.27573122608
PJM,Carbon_Tax,2025-05-01,28.71935483870967,718098.7937367072,26.748387096774195,635586.7750216718,1.9709677419354747,82512.0187150354
PJM,Demand_Growth,2025-05-01,27.787096774193547,660591.2620295086,26.748387096774195,635586.7750216718,1.0387096774193516,25004.48700783681
PJM,Renewable_Push,2025-05-01,29.58709677419355,718449.3799219052,26.748387096774195,635586.7750216718,2.838709677419356,82862.60490023345
PJM,Storage_Focus,2025-05-01,28.941935483870967,683600.2178394553,26.748387096774195,635586.7750216718,2.1935483870967722,48013.442817783565
PJM,Carbon_Tax,2025-06-01,28.83,611957.030221748,26.97333333333334,599309.158703005,1.8566666666666585,12647.871518742992
PJM,Demand_Growth,2025-06-01,27.926666666666677,634996.0980903952,26.97333333333334,599309.158703005,0.9533333333333367,35686.93938739016
PJM,Renewable_Push,2025-06-01,29.776666666666657,654391.6792305899,26.97333333333334,599309.158703005,2.803333333333317,55082.52052758483
PJM,Storage_Focus,2025-06-01,29.02,514297.5793356301,26.97333333333334,599309.158703005,2.0466666666666598,-85011.57936737494
PJM,Carbon_Tax,2025-07-01,28.83225806451613,666012.1890651066,26.88709677419355,738059.245893145,1.9451612903225772,-72047.05682803842
PJM,Demand_Growth,2025-07-01,27.83225806451613,719287.3601891975,26.88709677419355,738059.245893145,0.9451612903225772,-18771.88570394751
PJM,Renewable_Push,2025-07-01,29.661290322580655,692651.6424090156,26.88709677419355,738059.245893145,2.774193548387103,-45407.60348412942
PJM,Storage_Focus,2025-07-01,29.151612903225804,724323.2889750927,26.88709677419355,738059.245893145,2.264516129032252,-13735.956918052281
PJM,Carbon_Tax,2025-08-01,28.693548387096776,713549.3242916398,26.73225806451613,813333.0768109191,1.9612903225806448,-99783.75251927925
PJM,Demand_Growth,2025-08-01,27.867741935483878,712762.5695541505,26.73225806451613,813333.0768109191,1.1354838709677466,-100570.50725676864
PJM,Renewable_Push,2025-08-01,29.687096774193545,826882.1065092429,26.73225806451613,813333.0768109191,2.9548387096774142,13549.029698323808
PJM,Storage_Focus,2025-08-01,29.19354838709678,729633.1810751308,26.73225806451613,813333.0768109191,2.4612903225806484,-83699.89573578828
PJM,Carbon_Tax,2025-09-01,28.526666666666664,725815.147086536,26.55,743020.02873191,1.976666666666663,-17204.881645374
PJM,Demand_Growth,2025-09-01,27.616666666666664,712261.9884411886,26.55,743020.02873191,1.0666666666666629,-30758.04029072146
PJM,Renewable_Push,2025-09-01,29.506666666666668,698600.7058473766,26.55,743020.02873191,2.956666666666667,-44419.32288453344
PJM,Storage_Focus,2025-09-01,28.946666666666665,769448.8794809082,26.55,743020.02873191,2.3966666666666647,26428.850748998113
PJM,Carbon_Tax,2025-10-01,28.238709677419354,790357.6433888351,26.41935483870968,827554.6653273171,1.8193548387096747,-37197.02193848195
PJM,Demand_Growth,2025-10-01,27.390322580645154,623123.6731163173,26.41935483870968,827554.6653273171,0.9709677419354747,-204430.99221099983
PJM,Renewable_Push,2025-10-01,29.270967741935483,706187.3897832141,26.41935483870968,827554.6653273171,2.851612903225803,-121367.275544103
PJM,Storage_Focus,2025-10-01,28.783870967741933,731865.0971737531,26.41935483870968,827554.6653273171,2.3645161290322534,-95689.568153564
PJM,Carbon_Tax,2025-11-01,28.14666666666666,771620.8926342459,26.266666666666673,692536.3803368376,1.8799999999999883,79084.5122974083
PJM,Demand_Growth,2025-11-01,27.283333333333328,670858.7462250382,26.266666666666673,692536.3803368376,1.016666666666655,-21677.634111799416
PJM,Renewable_Push,2025-11-01,29.0,727345.1316919302,26.266666666666673,692536.3803368376,2.733333333333327,34808.75135509262
PJM,Storage_Focus,2025-11-01,28.439999999999998,704193.9176345329,26.266666666666673,692536.3803368376,2.173333333333325,11657.537297695293
PJM,Carbon_Tax,2025-12-01,28.03548387096774,758462.4649265752,26.112903225806452,641520.6156406594,1.9225806451612897,116941.84928591584
PJM,Demand_Growth,2025-12-01,27.174193548387098,758749.6453466077,26.112903225806452,641520.6156406594,1.0612903225806463,117229.02970594831
PJM,Renewable_Push,2025-12-01,29.00322580645161,792910.2647986945,26.112903225806452,641520.6156406594,2.890322580645158,151389.64915803517
PJM,Storage_Focus,2025-12-01,28.25806451612903,737952.118723155,26.112903225806452,641520.6156406594,2.1451612903225765,96431.50308249565
SPP,Carbon_Tax,2023-01-01,51.18064516129034,577521.4938908734,48.61935483870969,554095.2331040982,2.5612903225806534,23426.26078677515
SPP,Demand_Growth,2023-01-01,49.98064516129032,501507.04370397195,48.61935483870969,554095.2331040982,1.3612903225806292,-52588.189400126284
SPP,Renewable_Push,2023-01-01,52.35806451612903,623294.2585252264,48.61935483870969,554095.2331040982,3.738709677419344,69199.02542112814
SPP,Storage_Focus,2023-01-01,51.6,558205.461540259,48.61935483870969,554095.2331040982,2.9806451612903118,4110.228436160716
SPP,Carbon_Tax,2023-02-01,51.24999999999999,558093.5489896775,48.83928571428571,505893.1162695169,2.4107142857142847,52200.43272016058
SPP,Demand_Growth,2023-02-01,49.982142857142854,482880.8799671348,48.83928571428571,505893.1162695169,1.142857142857146,-23012.23630238208
SPP,Renewable_Push,2023-02-01,52.232142857142854,575567.3455370158,48.83928571428571,505893.1162695169,3.392857142857146,69674.22926749894
SPP,Storage_Focus,2023-02-01,51.62857142857144,596735.0138925035,48.83928571428571,505893.1162695169,2.7892857142857324,90841.89762298658
SPP,Carbon_Tax,2023-03-01,51.416129032258056,593943.8823465509,49.12903225806452,571829.4376540326,2.287096774193536,22114.44469251833
SPP,Demand_Growth,2023-03-01,50.3516129032258,553197.1215690298,49.12903225806452,571829.4376540326,1.2225806451612797,-18632.31608500285
SPP,Renewable_Push,2023-03-01,52.593548387096774,610247.7650809373,49.12903225806452,571829.4376540326,3.464516129032255,38418.327426904696
SPP,Storage_Focus,2023-03-01,51.83870967741935,565242.3562429982,49.12903225806452,571829.4376540326,2.7096774193548328,-6587.081411034451
SPP,Carbon_Tax,2023-04-01,51.553333333333335,615340.6845006242,49.38333333333333,550063.0677887141,2.1700000000000017,65277.616711910116
SPP,Demand_Growth,2023-04-01,50.410000000000004,503411.56201195257,49.38333333333333,550063.0677887141,1.0266666666666708,-46651.50577676151
SPP,Renewable_Push,2023-04-01,52.88333333333334,561607.7749330477,49.38333333333333,550063.0677887141,3.500000000000007,11544.707144333632
SPP,Storage_Focus,2023-04-01,52.04333333333333,518700.29092043743,49.38333333333333,550063.0677887141,2.6599999999999966,-31362.776868276647
SPP,Carbon_Tax,2023-05-01,51.81290322580646,617418.8801535035,49.56774193548388,569139.6935182689,2.245161290322578,48279.186635234626
SPP,Demand_Growth,2023-05-01,50.81612903225805,501198.36860397283,49.56774193548388,569139.6935182689,1.2483870967741666,-67941.32491429604
SPP,Renewable_Push,2023-05-01,52.95483870967741,595802.5931270127,49.56774193548388,569139.6935182689,3.3870967741935303,26662.899608743843
SPP,Storage_Focus,2023-05-01,52.26129032258065,514598.46690975537,49.56774193548388,569139.6935182689,2.6935483870967687,-54541.226608513505
SPP,Carbon_Tax,2023-06-01,52.056666666666665,536578.623465944,49.68333333333333,467742.3009484348,2.373333333333335,68836.32251750916
SPP,Demand_Growth,2023-06-01,50.873333333333335,491884.43326295743,49.68333333333333,467742.3009484348,1.1900000000000048,24142.132314522634
SPP,Renewable_Push,2023-06-01,53.199999999999996,550386.1926814876,49.68333333333333,467742.3009484348,3.5166666666666657,82643.89173305285
SPP,Storage_Focus,2023-06-01,52.28999999999999,609222.0625080653,49.68333333333333,467742.3009484348,2.606666666666662,141479.76155963045
SPP,Carbon_Tax,2023-07-01,52.01612903225808,616900.9432080658,49.67741935483871,556239.2894936434,2.3387096774193665,60661.65371442237
SPP,Demand_Growth,2023-07-01,50.851612903225806,515898.89535948855,49.67741935483871,556239.2894936434,1.1741935483870947,-40340.39413415489
SPP,Renewable_Push,2023-07-01,53.13225806451613,644934.8023668277,49.67741935483871,556239.2894936434,3.454838709677418,88695.51287318429
SPP,Storage_Focus,2023-07-01,52.558064516129036,622883.9984531123,49.67741935483871,556239.2894936434,2.8806451612903246,66644.70895946887
SPP,Carbon_Tax,2023-08-01,51.96129032258065,624921.2393625064,49.5741935483871,646591.8764397526,2.3870967741935516,-21670.63707724621
SPP,Demand_Growth,2023-08-01,50.677419354838705,530947.2413918311,49.5741935483871,646591.8764397526,1.1032258064516043,-115644.63504792156
SPP,Renewable_Push,2023-08-01,53.01612903225806,703315.0299266044,49.5741935483871,646591.8764397526,3.4419354838709566,56723.15348685172
SPP,Storage_Focus,2023-08-01,52.35483870967742,567961.7279441301,49.5741935483871,646591.8764397526,2.780645161290323,-78630.14849562256
SPP,Carbon_Tax,2023-09-01,51.66333333333334,580499.3452699771,49.29333333333333,567904.1158371539,2.3700000000000117,12595.229432823253
SPP,Demand_Growth,2023-09-01,50.5,521709.32565098547,49.29333333333333,567904.1158371539,1.2066666666666706,-46194.79018616839
SPP,Renewable_Push,2023-09-01,52.923333333333325,576898.3603443705,49.29333333333333,567904.1158371539,3.6299999999999955,8994.244507216616
SPP,Storage_Focus,2023-09-01,52.05999999999999,588424.3546060949,49.29333333333333,567904.1158371539,2.7666666666666586,20520.238768941024
SPP,Carbon_Tax,2023-10-01,51.46774193548387,535835.8528452954,48.96774193548387,588495.6993593792,2.5,-52659.846514083794
SPP,Demand_Growth,2023-10-01,50.254838709677415,518014.95357192477,48.96774193548387,588495.6993593792,1.287096774193543,-70480.74578745448
SPP,Renewable_Push,2023-10-01,52.55806451612903,608706.0724826679,48.96774193548387,588495.6993593792,3.5903225806451573,20210.37312328862
SPP,Storage_Focus,2023-10-01,51.86451612903225,653905.2083011459,48.96774193548387,588495.6993593792,2.8967741935483815,65409.50894176669
SPP,Carbon_Tax,2023-11-01,51.123333333333335,551745.5978474986,48.963333333333345,560096.0109873579,2.1599999999999895,-8350.41313985933
SPP,Demand_Growth,2023-11-01,50.08666666666666,436438.97721053107,48.963333333333345,560096.0109873579,1.1233333333333135,-123657.03377682687
SPP,Renewable_Push,2023-11-01,52.25666666666666,590047.5287773242,48.963333333333345,560096.0109873579,3.2933333333333152,29951.51778996631
SPP,Storage_Focus,2023-11-01,51.576666666666675,571607.6715026079,48.963333333333345,560096.0109873579,2.6133333333333297,11511.66051524994
SPP,Carbon_Tax,2023-12-01,51.05806451612904,613283.4737513296,48.68387096774193,489139.63616188953,2.3741935483871117,124143.83758944005
SPP,Demand_Growth,2023-12-01,49.89677419354839,502000.6624155583,48.68387096774193,489139.63616188953,1.212903225806457,12861.026253668766
SPP,Renewable_Push,2023-12-01,52.18709677419354,596345.6393540031,48.68387096774193,489139.63616188953,3.50322580645161,107206.0031921136
SPP,Storage_Focus,2023-12-01,51.374193548387076,644797.8718387148,48.68387096774193,489139.63616188953,2.6903225806451445,155658.23567682528
SPP,Carbon_Tax,2024-01-01,51.06129032258065,519663.50025578245,48.76451612903225,522221.5330966647,2.2967741935484014,-2558.0328408822534
SPP,Demand_Growth,2024-01-01,49.87096774193548,462148.83861526276,48.76451612903225,522221.5330966647,1.1064516129032285,-60072.69448140194
SPP,Renewable_Push,2024-01-01,52.3806451612903,496442.6030312022,48.76451612903225,522221.5330966647,3.6161290322580513,-25778.930065462482
SPP,Storage_Focus,2024-01-01,51.538709677419355,611380.2961012892,48.76451612903225,522221.5330966647,2.774193548387103,89158.76300462452
SPP,Carbon_Tax,2024-02-01,51.206896551724135,588172.22193598,48.713793103448275,496536.38196062174,2.4931034482758605,91635.83997535828
SPP,Demand_Growth,2024-02-01,49.95172413793102,534335.829170404,48.713793103448275,496536.38196062174,1.2379310344827488,37799.44720978226
SPP,Renewable_Push,2024-02-01,52.306896551724144,576657.7588076082,48.713793103448275,496536.38196062174,3.593103448275869,80121.37684698642
SPP,Storage_Focus,2024-02-01,51.79310344827586,534901.8439252609,48.713793103448275,496536.38196062174,3.079310344827583,38365.461964639195
SPP,Carbon_Tax,2024-03-01,51.435483870967744,568735.7513960868,49.15806451612903,532991.4300521056,2.277419354838713,35744.321343981195
SPP,Demand_Growth,2024-03-01,50.30322580645161,537083.8959825176,49.15806451612903,532991.4300521056,1.1451612903225765,4092.465930412058
SPP,Renewable_Push,2024-03-01,52.51935483870967,617684.7635875772,49.15806451612903,532991.4300521056,3.3612903225806363,84693.33353547158
SPP,Storage_Focus,2024-03-01,51.78064516129033,582366.7405330106,49.15806451612903,532991.4300521056,2.6225806451612996,49375.310480905
SPP,Carbon_Tax,2024-04-01,51.44666666666665,528923.4526477319,49.30666666666666,490084.93347080116,2.1399999999999935,38838.51917693071
SPP,Demand_Growth,2024-04-01,50.6,570486.4392863087,49.30666666666666,490084.93347080116,1.2933333333333437,80401.50581550755
SPP,Renewable_Push,2024-04-01,52.879999999999995,615768.9803983453,49.30666666666666,490084.93347080116,3.5733333333333377,125684.04692754411
SPP,Storage_Focus,2024-04-01,52.103333333333325,493134.246126151,49.30666666666666,490084.93347080116,2.796666666666667,3049.312655349844
SPP,Carbon_Tax,2024-05-01,51.86774193548387,613107.4887054441,49.370967741935495,573710.7410670093,2.496774193548376,39396.74763843487
SPP,Demand_Growth,2024-05-01,50.75483870967741,530412.0673038554,49.370967741935495,573710.7410670093,1.3838709677419132,-43298.67376315384
SPP,Renewable_Push,2024-05-01,53.000000000000014,597703.7130788261,49.370967741935495,573710.7410670093,3.6290322580645196,23992.972011816804
SPP,Storage_Focus,2024-05-01,52.52258064516129,591380.0601315027,49.370967741935495,573710.7410670093,3.1516129032257965,17669.319064493407
SPP,Carbon_Tax,2024-06-01,52.03666666666666,605236.807238887,49.606666666666676,500118.6820700069,2.4299999999999855,105118.12516888004
SPP,Demand_Growth,2024-06-01,50.91666666666667,528617.9027268604,49.606666666666676,500118.6820700069,1.3099999999999952,28499.22065685346
SPP,Renewable_Push,2024-06-01,53.05333333333333,573834.0378959476,49.606666666666676,500118.6820700069,3.4466666666666512,73715.35582594067
SPP,Storage_Focus,2024-06-01,52.399999999999984,578805.1691226189,49.606666666666676,500118.6820700069,2.793333333333308,78686.48705261195
SPP,Carbon_Tax,2024-07-01,52.099999999999994,549079.7176774046,49.63225806451614,602347.7603829821,2.4677419354838577,-53268.04270557745
SPP,Demand_Growth,2024-07-01,51.00322580645161,576161.7851260552,49.63225806451614,602347.7603829821,1.3709677419354733,-26185.975256926846
SPP,Renewable_Push,2024-07-01,53.28387096774194,669958.6764753795,49.63225806451614,602347.7603829821,3.6516129032258036,67610.91609239741
SPP,Storage_Focus,2024-07-01,52.48387096774194,591357.6229391445,49.63225806451614,602347.7603829821,2.8516129032258064,-10990.137443837593
SPP,Carbon_Tax,2024-08-01,51.91612903225806,530349.6969841766,49.56451612903226,567190.2045231853,2.3516129032257993,-36840.50753900863
SPP,Demand_Growth,2024-08-01,50.65161290322582,484452.8073939559,49.56451612903226,567190.2045231853,1.0870967741935544,-82737.39712922939
SPP,Renewable_Push,2024-08-01,53.06129032258064,558800.9981395319,49.56451612903226,567190.2045231853,3.496774193548376,-8389.206383653334
SPP,Storage_Focus,2024-08-01,52.51290322580645,533630.5208364264,49.56451612903226,567190.2045231853,2.9483870967741836,-33559.68368675886
SPP,Carbon_Tax,2024-09-01,51.673333333333325,549540.7461116536,49.236666666666665,536721.8829056753,2.4366666666666603,12818.863205978298
SPP,Demand_Growth,2024-09-01,50.466666666666676,500856.9846446079,49.236666666666665,536721.8829056753,1.230000000000011,-35864.89826106746
SPP,Renewable_Push,2024-09-01,52.68999999999999,669703.8548395839,49.236666666666665,536721.8829056753,3.453333333333326,132981.97193390853
SPP,Storage_Focus,2024-09-01,52.29333333333334,602248.5571312342,49.236666666666665,536721.8829056753,3.056666666666672,65526.674225558876
SPP,Carbon_Tax,2024-10-01,51.50322580645161,515560.7341542953,48.91290322580644,511899.0493672026,2.5903225806451715,3661.684787092672
SPP,Demand_Growth,2024-10-01,50.26774193548387,532552.4779846766,48.91290322580644,511899.0493672026,1.3548387096774306,20653.428617473983
SPP,Renewable_Push,2024-10-01,52.622580645161285,580803.3211748357,48.91290322580644,511899.0493672026,3.709677419354847,68904.27180763305
SPP,Storage_Focus,2024-10-01,52.00645161290323,521893.4475837404,48.91290322580644,511899.0493672026,3.0935483870967886,9994.398216537782
SPP,Carbon_Tax,2024-11-01,51.11,554350.7221583864,48.836666666666666,475239.2289665843,2.2733333333333334,79111.49319180206
SPP,Demand_Growth,2024-11-01,50.20666666666667,485144.8167776292,48.836666666666666,475239.2289665843,1.3700000000000045,9905.587811044883
SPP,Renewable_Push,2024-11-01,52.38666666666667,651777.5122795514,48.836666666666666,475239.2289665843,3.5500000000000043,176538.28331296705
SPP,Storage_Focus,2024-11-01,51.533333333333324,562211.1736757269,48.836666666666666,475239.2289665843,2.6966666666666583,86971.94470914255
SPP,Carbon_Tax,2024-12-01,50.99354838709678,549115.3387265324,48.474193548387085,526007.0933967613,2.5193548387096953,23108.245329771074
SPP,Demand_Growth,2024-12-01,49.97741935483871,562418.3663152182,48.474193548387085,526007.0933967613,1.5032258064516242,36411.272918456816
SPP,Renewable_Push,2024-12-01,52.25161290322581,569406.3991232007,48.474193548387085,526007.0933967613,3.7774193548387274,43399.30572643934
SPP,Storage_Focus,2024-12-01,51.590322580645164,545208.5283725531,48.474193548387085,526007.0933967613,3.1161290322580797,19201.434975791723
SPP,Carbon_Tax,2025-01-01,50.93225806451613,539121.0922300307,48.68387096774193,521645.09181634197,2.248387096774195,17476.000413688715
SPP,Demand_Growth,2025-01-01,49.8258064516129,527315.6500554676,48.68387096774193,521645.09181634197,1.1419354838709666,5670.558239125647
SPP,Renewable_Push,2025-01-01,52.46774193548388,597418.6971392734,48.68387096774193,521645.09181634197,3.7838709677419473,75773.60532293143
SPP,Storage_Focus,2025-01-01,51.53548387096774,637843.4364346387,48.68387096774193,521645.09181634197,2.8516129032258064,116198.34461829672
SPP,Carbon_Tax,2025-02-01,51.17142857142858,560543.7122178875,48.871428571428574,487955.92247687525,2.3000000000000043,72587.78974101227
SPP,Demand_Growth,2025-02-01,49.896428571428565,417628.52178667404,48.871428571428574,487955.92247687525,1.0249999999999915,-70327.4006902012
SPP,Renewable_Push,2025-02-01,52.45714285714284,551959.1897737911,48.871428571428574,487955.92247687525,3.5857142857142676,64003.267296915874
SPP,Storage_Focus,2025-02-01,51.73571428571428,599232.5432771202,48.871428571428574,487955.92247687525,2.8642857142857068,111276.62080024497
SPP,Carbon_Tax,2025-03-01,51.26451612903227,618251.5429958496,49.106451612903214,510902.59945445997,2.158064516129059,107348.94354138966
SPP,Demand_Growth,2025-03-01,50.10967741935483,566059.0764743985,49.106451612903214,510902.59945445997,1.003225806451617,55156.477019938524
SPP,Renewable_Push,2025-03-01,52.43225806451613,634133.6490341222,49.106451612903214,510902.59945445997,3.3258064516129124,123231.04957966227
SPP,Storage_Focus,2025-03-01,51.85806451612904,667930.9932266425,49.106451612903214,510902.59945445997,2.7516129032258263,157028.39377218252
SPP,Carbon_Tax,2025-04-01,51.63,538273.9537082778,49.11666666666668,503489.27070903586,2.513333333333321,34784.68299924192
SPP,Demand_Growth,2025-04-01,50.583333333333336,580442.5438689091,49.11666666666668,503489.27070903586,1.4666666666666544,76953.27315987326
SPP,Renewable_Push,2025-04-01,52.88333333333333,518445.5323607712,49.11666666666668,503489.27070903586,3.7666666666666515,14956.261651735345
SPP,Storage_Focus,2025-04-01,52.260000000000005,515416.00265530485,49.11666666666668,503489.27070903586,3.1433333333333238,11926.731946268992
SPP,Carbon_Tax,2025-05-01,51.94838709677419,551624.8294103653,49.525806451612894,493583.64901576826,2.422580645161297,58041.18039459706
SPP,Demand_Growth,2025-05-01,50.69354838709679,555991.8194722862,49.525806451612894,493583.64901576826,1.167741935483896,62408.170456517895
SPP,Renewable_Push,2025-05-01,53.08387096774193,550807.4294170792,49.525806451612894,493583.64901576826,3.5580645161290363,57223.78040131094
SPP,Storage_Focus,2025-05-01,52.345161290322594,526577.3405678464,49.525806451612894,493583.64901576826,2.8193548387096996,32993.69155207818
SPP,Carbon_Tax,2025-06-01,52.010000000000005,562474.5910259417,49.65666666666665,508992.0719087447,2.353333333333353,53482.51911719696
SPP,Demand_Growth,2025-06-01,50.98333333333332,476538.67709594086,49.65666666666665,508992.0719087447,1.326666666666668,-32453.394812803832
SPP,Renewable_Push,2025-06-01,52.99333333333334,597889.7679694816,49.65666666666665,508992.0719087447,3.3366666666666873,88897.69606073695
SPP,Storage_Focus,2025-06-01,52.513333333333335,614896.2146266254,49.65666666666665,508992.0719087447,2.8566666666666833,105904.14271788072
SPP,Carbon_Tax,2025-07-01,52.00322580645161,599489.563391758,49.70322580645161,559499.3925263922,2.299999999999997,39990.17086536577
SPP,Demand_Growth,2025-07-01,50.838709677419345,607838.4453520726,49.70322580645161,559499.3925263922,1.1354838709677324,48339.05282568035
SPP,Renewable_Push,2025-07-01,53.10322580645161,586458.0708945423,49.70322580645161,559499.3925263922,3.3999999999999986,26958.678368150024
SPP,Storage_Focus,2025-07-01,52.45483870967742,584203.5115590413,49.70322580645161,559499.3925263922,2.751612903225805,24704.11903264909
SPP,Carbon_Tax,2025-08-01,51.964516129032255,559703.336077507,49.33225806451613,499568.6201928331,2.6322580645161224,60134.715884673875
SPP,Demand_Growth,2025-08-01,50.748387096774195,586647.1117987345,49.33225806451613,499568.6201928331,1.4161290322580626,87078.49160590139
SPP,Renewable_Push,2025-08-01,53.09354838709677,636478.668156221,49.33225806451613,499568.6201928331,3.761290322580635,136910.04796338791
SPP,Storage_Focus,2025-08-01,52.409677419354836,604619.5308208227,49.33225806451613,499568.6201928331,3.077419354838703,105050.91062798956
SPP,Carbon_Tax,2025-09-01,51.75333333333333,554618.8406131187,49.28,507801.120873431,2.473333333333329,46817.719739687745
SPP,Demand_Growth,2025-09-01,50.60000000000001,489642.5272518221,49.28,507801.120873431,1.3200000000000074,-18158.59362160886
SPP,Renewable_Push,2025-09-01,52.88333333333334,583925.0349557066,49.28,507801.120873431,3.603333333333339,76123.91408227559
SPP,Storage_Focus,2025-09-01,52.129999999999995,569511.9895201065,49.28,507801.120873431,2.8499999999999943,61710.86864667549
SPP,Carbon_Tax,2025-10-01,51.470967741935496,561184.6671267366,48.99032258064517,532899.717531828,2.480645161290326,28284.949594908627
SPP,Demand_Growth,2025-10-01,50.245161290322585,542534.1357237065,48.99032258064517,532899.717531828,1.254838709677415,9634.418191878474
SPP,Renewable_Push,2025-10-01,52.593548387096774,560328.9559074885,48.99032258064517,532899.717531828,3.6032258064516043,27429.238375660498
SPP,Storage_Focus,2025-10-01,51.83225806451612,628875.6748224166,48.99032258064517,532899.717531828,2.841935483870948,95975.95729058865
SPP,Carbon_Tax,2025-11-01,50.959999999999994,573820.0702347994,48.970000000000006,426836.2484499916,1.9899999999999878,146983.82178480783
SPP,Demand_Growth,2025-11-01,49.95666666666667,544399.8489230422,48.970000000000006,426836.2484499916,0.9866666666666646,117563.60047305061
SPP,Renewable_Push,2025-11-01,52.24666666666668,577852.3933273702,48.970000000000006,426836.2484499916,3.276666666666671,151016.1448773786
SPP,Storage_Focus,2025-11-01,51.82333333333334,565401.227792819,48.970000000000006,426836.2484499916,2.8533333333333317,138564.97934282746
SPP,Carbon_Tax,2025-12-01,51.15806451612902,538639.8022570593,48.4,525166.6125350613,2.758064516129025,13473.189721997944
SPP,Demand_Growth,2025-12-01,49.80967741935484,507939.59031084675,48.4,525166.6125350613,1.4096774193548427,-17227.02222421457
SPP,Renewable_Push,2025-12-01,52.22258064516129,638694.4557751627,48.4,525166.6125350613,3.8225806451612883,113527.84324010136
SPP,Storage_Focus,2025-12-01,51.670967741935485,598904.6094742718,48.4,525166.6125350613,3.270967741935486,73737.99693921045
