region,scenario,month,avg_renew_share_pct,curtailment_mwh_month
CAISO,Baseline,2023-05-01,41.406451612903226,548650.9773010127
CAISO,Renewable_Push,2023-06-01,44.74333333333334,623923.767136374
CAISO,Carbon_Tax,2024-06-01,43.78999999999999,530048.129684252
CAISO,Demand_Growth,2024-06-01,42.52333333333333,466381.69443404017
CAISO,Storage_Focus,2023-04-01,43.830000000000005,566101.3527523506
CAISO,Storage_Focus,2023-10-01,43.548387096774185,607935.998199738
CAISO,Storage_Focus,2024-09-01,43.95333333333334,579042.3244346837
ERCOT,Baseline,2024-05-01,34.61290322580645,598456.1974510456
ERCOT,Baseline,2025-01-01,33.80645161290323,647767.1312215553
ERCOT,Baseline,2025-04-01,34.333333333333336,577829.5877430766
ERCOT,Renewable_Push,2023-06-01,37.93666666666665,637548.8916693837
ERCOT,Carbon_Tax,2023-06-01,36.87,708167.7088882793
ERCOT,Demand_Growth,2024-05-01,35.7,674396.8134035788
ERCOT,Demand_Growth,2025-01-01,34.861290322580636,690870.0370265472
ERCOT,Demand_Growth,2025-04-01,35.459999999999994,610233.3297042366
PJM,Baseline,2024-01-01,26.112903225806445,577655.5107374188
PJM,Baseline,2024-02-01,26.144827586206898,506084.6643807707
PJM,Baseline,2024-07-01,26.89354838709677,671176.7433745392
PJM,Baseline,2024-12-01,26.306451612903224,717338.8073910174
PJM,Baseline,2025-02-01,26.146428571428572,536762.493280785
PJM,Baseline,2025-09-01,26.55,743020.02873191
PJM,Baseline,2025-12-01,26.112903225806452,641520.6156406594
PJM,Renewable_Push,2023-05-01,29.68064516129032,756807.6480903324
PJM,Carbon_Tax,2024-03-01,28.21290322580645,605614.7418144344
PJM,Carbon_Tax,2025-05-01,28.71935483870967,718098.7937367072
PJM,Carbon_Tax,2025-11-01,28.14666666666666,771620.8926342459
PJM,Demand_Growth,2023-01-01,27.077419354838707,604953.5466175559
PJM,Demand_Growth,2023-03-01,27.464516129032265,575965.5539114435
PJM,Demand_Growth,2023-08-01,27.732258064516124,724866.545882524
PJM,Demand_Growth,2023-09-01,27.610000000000003,781405.5384662229
PJM,Storage_Focus,2024-05-01,29.006451612903227,674023.8589139516
PJM,Storage_Focus,2025-01-01,28.41935483870967,669922.7804483122
PJM,Storage_Focus,2025-04-01,28.826666666666664,751264.1851442524
NYISO,Baseline,2024-05-01,32.98064516129032,316325.20030520816
NYISO,Baseline,2025-01-01,32.29677419354839,368712.689651467
NYISO,Baseline,2025-04-01,32.87666666666666,299008.6030122272
NYISO,Renewable_Push,2024-04-01,35.876666666666665,348568.7072935662
NYISO,Carbon_Tax,2024-04-01,34.90666666666667,342001.9418420126
NYISO,Demand_Growth,2024-11-01,33.37666666666668,337543.63182995806
NYISO,Storage_Focus,2023-01-01,34.72580645161291,361600.05745230464
NYISO,Storage_Focus,2023-03-01,35.24838709677419,302271.55736771645
NYISO,Storage_Focus,2023-08-01,35.57741935483872,392832.10584164376
NYISO,Storage_Focus,2023-09-01,35.41666666666667,374123.26148221304
SPP,Baseline,2024-08-01,49.56451612903226,567190.2045231853
SPP,Baseline,2025-07-01,49.70322580645161,559499.3925263922
SPP,Renewable_Push,2023-11-01,52.25666666666666,590047.5287773242
SPP,Renewable_Push,2023-12-01,52.18709677419354,596345.6393540031
SPP,Renewable_Push,2024-10-01,52.622580645161285,580803.3211748357
SPP,Renewable_Push,2025-06-01,52.99333333333334,597889.7679694816
SPP,Renewable_Push,2025-08-01,53.09354838709677,636478.668156221
SPP,Carbon_Tax,2024-01-01,51.06129032258065,519663.50025578245
SPP,Carbon_Tax,2024-02-01,51.206896551724135,588172.22193598
SPP,Carbon_Tax,2024-07-01,52.099999999999994,549079.7176774046
SPP,Carbon_Tax,2024-12-01,50.99354838709678,549115.3387265324
SPP,Carbon_Tax,2025-02-01,51.17142857142858,560543.7122178875
SPP,Carbon_Tax,2025-09-01,51.75333333333333,554618.8406131187
SPP,Carbon_Tax,2025-12-01,51.15806451612902,538639.8022570593
SPP,Demand_Growth,2023-06-01,50.873333333333335,491884.43326295743
SPP,Storage_Focus,2023-11-01,51.576666666666675,571607.6715026079
SPP,Storage_Focus,2023-12-01,51.374193548387076,644797.8718387148
SPP,Storage_Focus,2024-10-01,52.00645161290323,521893.4475837404
SPP,Storage_Focus,2025-06-01,52.513333333333335,614896.2146266254
SPP,Storage_Focus,2025-08-01,52.409677419354836,604619.5308208227
CAISO,Baseline,2024-04-01,41.013333333333335,556367.1881647347
CAISO,Renewable_Push,2023-02-01,44.025,597699.7595955839
CAISO,Carbon_Tax,2024-11-01,43.083333333333336,694920.3471232603
CAISO,Demand_Growth,2024-11-01,41.82333333333334,559514.4305241214
CAISO,Storage_Focus,2024-03-01,43.71935483870968,643264.3220835889
CAISO,Storage_Focus,2025-05-01,44.13870967741936,657533.6339066761
CAISO,Storage_Focus,2025-11-01,43.24000000000001,608132.7723752809
ERCOT,Baseline,2023-01-01,33.79354838709677,639261.5440055293
ERCOT,Baseline,2023-03-01,34.17096774193548,591880.8283556221
ERCOT,Baseline,2023-08-01,34.693548387096776,692508.1820506926
ERCOT,Baseline,2023-09-01,34.403333333333336,691403.6408940651
ERCOT,Renewable_Push,2023-02-01,37.21785714285714,653989.137958587
ERCOT,Carbon_Tax,2023-02-01,36.11428571428572,591837.5435562226
ERCOT,Demand_Growth,2023-01-01,34.864516129032246,674561.1658406483
ERCOT,Demand_Growth,2023-03-01,35.21935483870967,578478.2071712788
ERCOT,Demand_Growth,2023-08-01,35.567741935483866,640062.9038471675
ERCOT,Demand_Growth,2023-09-01,35.61666666666667,630843.1668505084
ERCOT,Storage_Focus,2024-01-01,36.50967741935484,573219.8463122941
ERCOT,Storage_Focus,2024-02-01,36.43448275862069,591171.3094144277
ERCOT,Storage_Focus,2024-07-01,37.35483870967742,620844.1017548227
ERCOT,Storage_Focus,2024-12-01,36.432258064516134,786054.2704949566
ERCOT,Storage_Focus,2025-02-01,36.56785714285714,591799.5491994497
ERCOT,Storage_Focus,2025-09-01,37.02,749843.3517098879
ERCOT,Storage_Focus,2025-12-01,36.33870967741935,624460.4063712547
PJM,Renewable_Push,2024-04-01,29.470000000000002,707062.3409627348
PJM,Carbon_Tax,2023-04-01,28.440000000000005,565482.3140101166
PJM,Carbon_Tax,2023-10-01,28.277419354838706,755481.9730870092
PJM,Carbon_Tax,2024-09-01,28.500000000000004,656655.8312185614
PJM,Demand_Growth,2024-05-01,27.84193548387097,660221.7331443236
PJM,Demand_Growth,2025-01-01,26.980645161290326,606904.2471340741
PJM,Demand_Growth,2025-04-01,27.60333333333334,620362.2523821247
PJM,Storage_Focus,2023-01-01,28.46129032258065,734549.1459797604
PJM,Storage_Focus,2023-03-01,28.758064516129032,682287.0692193869
PJM,Storage_Focus,2023-08-01,28.95483870967742,753026.6836857665
PJM,Storage_Focus,2023-09-01,28.87333333333333,854626.9599368415
NYISO,Baseline,2023-01-01,32.37096774193548,390950.4361453859
NYISO,Baseline,2023-03-01,32.593548387096774,307073.79790012754
NYISO,Baseline,2023-08-01,33.13225806451614,347585.3292243512
NYISO,Baseline,2023-09-01,32.84,359465.59780832817
NYISO,Renewable_Push,2023-05-01,36.041935483870965,383113.85624998744
NYISO,Carbon_Tax,2023-05-01,35.203225806451606,347948.39248122316
NYISO,Demand_Growth,2024-06-01,34.13999999999999,324786.016465045
NYISO,Storage_Focus,2024-05-01,35.53548387096774,328308.4460394493
NYISO,Storage_Focus,2025-01-01,34.78064516129032,400515.20679279754
NYISO,Storage_Focus,2025-04-01,35.42666666666666,297293.79307310405
SPP,Baseline,2025-10-01,48.99032258064517,532899.717531828
SPP,Renewable_Push,2023-07-01,53.13225806451613,644934.8023668277
SPP,Renewable_Push,2025-03-01,52.43225806451613,634133.6490341222
SPP,Demand_Growth,2023-02-01,49.982142857142854,482880.8799671348
SPP,Storage_Focus,2023-07-01,52.558064516129036,622883.9984531123
SPP,Storage_Focus,2025-03-01,51.85806451612904,667930.9932266425
CAISO,Baseline,2023-07-01,41.46774193548387,572901.8356867271
CAISO,Baseline,2025-03-01,40.92903225806452,572026.1477278403
CAISO,Renewable_Push,2023-01-01,44.08064516129033,645608.3669868759
CAISO,Renewable_Push,2023-03-01,44.21290322580645,650375.2352805906
CAISO,Renewable_Push,2023-08-01,44.78709677419354,609751.6939593703
CAISO,Renewable_Push,2023-09-01,44.42333333333334,668908.1783049199
CAISO,Carbon_Tax,2024-08-01,43.693548387096776,608875.9960402172
CAISO,Carbon_Tax,2025-07-01,43.79354838709677,610276.4558951035
CAISO,Demand_Growth,2024-08-01,42.5258064516129,502669.0439339354
CAISO,Demand_Growth,2025-07-01,42.60645161290323,494856.9700158146
ERCOT,Baseline,2023-02-01,33.99285714285714,507857.00480001216
ERCOT,Renewable_Push,2023-01-01,37.06774193548387,662864.9877656475
ERCOT,Renewable_Push,2023-03-01,37.403225806451616,678741.6668432218
ERCOT,Renewable_Push,2023-08-01,37.75806451612904,693271.4326970892
ERCOT,Renewable_Push,2023-09-01,37.6,766479.8096460514
ERCOT,Carbon_Tax,2023-01-01,35.96774193548388,652463.8871550235
ERCOT,Carbon_Tax,2023-03-01,36.283870967741926,672127.4631881784
ERCOT,Carbon_Tax,2023-08-01,36.719354838709684,729721.4821733554
ERCOT,Carbon_Tax,2023-09-01,36.516666666666666,653778.9406801804
ERCOT,Demand_Growth,2023-02-01,34.910714285714285,556220.6772750169
ERCOT,Storage_Focus,2023-04-01,36.98666666666667,614205.6086416469
ERCOT,Storage_Focus,2023-10-01,36.66129032258065,752108.6458203914
ERCOT,Storage_Focus,2024-09-01,36.9,718980.132359513
PJM,Baseline,2024-03-01,26.36774193548387,591213.0513346661
PJM,Baseline,2025-05-01,26.748387096774195,635586.7750216718
PJM,Baseline,2025-11-01,26.266666666666673,692536.3803368376
PJM,Renewable_Push,2023-07-01,29.648387096774197,799298.7403535399
PJM,Renewable_Push,2025-03-01,29.238709677419354,714695.5751357933
PJM,Carbon_Tax,2024-01-01,27.906451612903222,736773.3683834799
PJM,Carbon_Tax,2024-02-01,28.08275862068965,583627.1211190411
PJM,Carbon_Tax,2024-07-01,28.799999999999997,738362.5819542776
PJM,Carbon_Tax,2024-12-01,27.974193548387102,747407.8738892983
PJM,Carbon_Tax,2025-02-01,28.00714285714286,613589.6783529774
PJM,Carbon_Tax,2025-09-01,28.526666666666664,725815.147086536
PJM,Carbon_Tax,2025-12-01,28.03548387096774,758462.4649265752
PJM,Demand_Growth,2023-06-01,27.90333333333333,673612.1156797989
PJM,Storage_Focus,2023-02-01,28.492857142857137,511532.4313350522
NYISO,Baseline,2023-02-01,32.33214285714286,281197.7703701103
NYISO,Renewable_Push,2023-11-01,35.61666666666667,444384.93808749755
NYISO,Renewable_Push,2023-12-01,35.393548387096786,374196.0931884826
NYISO,Renewable_Push,2024-10-01,35.53225806451612,413843.3462494778
NYISO,Renewable_Push,2025-06-01,36.18666666666666,383272.6205376466
NYISO,Renewable_Push,2025-08-01,36.18709677419355,384713.0195739298
NYISO,Carbon_Tax,2023-11-01,34.54,323190.6583566604
NYISO,Carbon_Tax,2023-12-01,34.435483870967744,398526.7753354287
NYISO,Carbon_Tax,2024-10-01,34.85806451612903,362861.86585127574
NYISO,Carbon_Tax,2025-06-01,35.333333333333336,359742.4076025365
NYISO,Carbon_Tax,2025-08-01,35.122580645161285,391030.51259016205
NYISO,Demand_Growth,2025-10-01,33.68387096774194,384720.153821342
NYISO,Storage_Focus,2023-06-01,35.80666666666666,358308.82192198804
SPP,Baseline,2024-06-01,49.606666666666676,500118.6820700069
SPP,Renewable_Push,2024-04-01,52.879999999999995,615768.9803983453
SPP,Carbon_Tax,2024-03-01,51.435483870967744,568735.7513960868
SPP,Carbon_Tax,2025-05-01,51.94838709677419,551624.8294103653
SPP,Carbon_Tax,2025-11-01,50.959999999999994,573820.0702347994
SPP,Demand_Growth,2023-01-01,49.98064516129032,501507.04370397195
SPP,Demand_Growth,2023-03-01,50.3516129032258,553197.1215690298
SPP,Demand_Growth,2023-08-01,50.677419354838705,530947.2413918311
SPP,Demand_Growth,2023-09-01,50.5,521709.32565098547
SPP,Storage_Focus,2024-04-01,52.103333333333325,493134.246126151
CAISO,Baseline,2024-11-01,40.44666666666667,536731.8923260517
CAISO,Renewable_Push,2023-04-01,44.54,640275.033039021
CAISO,Renewable_Push,2023-10-01,44.35483870967742,643963.3287856106
CAISO,Renewable_Push,2024-09-01,44.47,615763.0103665058
CAISO,Carbon_Tax,2024-04-01,43.349999999999994,585619.9648363739
CAISO,Demand_Growth,2024-04-01,42.316666666666656,535379.2733299166
CAISO,Storage_Focus,2023-06-01,44.273333333333326,659755.718655365
ERCOT,Baseline,2024-01-01,33.900000000000006,554861.395867636
ERCOT,Baseline,2024-02-01,33.93448275862068,503968.1318669916
ERCOT,Baseline,2024-07-01,34.84193548387097,620991.452964027
ERCOT,Baseline,2024-12-01,33.777419354838706,691979.1427469538
ERCOT,Baseline,2025-02-01,33.84642857142857,534677.9878947429
ERCOT,Baseline,2025-09-01,34.306666666666665,589002.0602758047
ERCOT,Baseline,2025-12-01,33.86129032258064,605242.2354400719
ERCOT,Renewable_Push,2023-04-01,37.62333333333333,688650.7277980018
ERCOT,Renewable_Push,2023-10-01,37.40322580645162,684489.4598851302
ERCOT,Renewable_Push,2024-09-01,37.556666666666665,789585.582743169
ERCOT,Carbon_Tax,2023-04-01,36.70666666666667,604350.677744652
ERCOT,Carbon_Tax,2023-10-01,36.222580645161294,825164.8127324996
ERCOT,Carbon_Tax,2024-09-01,36.60333333333333,729395.2010364266
ERCOT,Demand_Growth,2024-01-01,34.79677419354838,592965.1835013637
ERCOT,Demand_Growth,2024-02-01,35.203448275862065,591357.1403077624
ERCOT,Demand_Growth,2024-07-01,35.78387096774193,705129.6221041142
ERCOT,Demand_Growth,2024-12-01,34.8774193548387,578992.9121401274
ERCOT,Demand_Growth,2025-02-01,35.025,580046.4038001054
ERCOT,Demand_Growth,2025-09-01,35.55333333333333,689563.2618441544
ERCOT,Demand_Growth,2025-12-01,34.96129032258064,586594.5561126637
ERCOT,Storage_Focus,2023-01-01,36.406451612903226,712904.1030164644
ERCOT,Storage_Focus,2023-03-01,36.73548387096775,634450.3647843224
ERCOT,Storage_Focus,2023-08-01,37.245161290322585,734659.0698576395
ERCOT,Storage_Focus,2023-09-01,37.029999999999994,595765.7219731912
PJM,Baseline,2024-05-01,26.716129032258063,672664.6762038048
PJM,Baseline,2025-01-01,26.161290322580648,672511.7975148704
PJM,Baseline,2025-04-01,26.65666666666667,585148.9094130263
PJM,Renewable_Push,2024-11-01,29.173333333333336,732706.9644926337
PJM,Carbon_Tax,2023-02-01,28.017857142857146,567875.2585693358
PJM,Storage_Focus,2024-01-01,28.325806451612905,668046.9176449932
PJM,Storage_Focus,2024-02-01,28.527586206896554,609609.037876107
PJM,Storage_Focus,2024-07-01,28.954838709677418,748987.1791176483
PJM,Storage_Focus,2024-12-01,28.529032258064518,711578.6504789193
PJM,Storage_Focus,2025-02-01,28.314285714285713,622519.2989635478
PJM,Storage_Focus,2025-09-01,28.946666666666665,769448.8794809082
PJM,Storage_Focus,2025-12-01,28.25806451612903,737952.118723155
NYISO,Baseline,2024-01-01,32.41612903225806,304258.9095425352
NYISO,Baseline,2024-02-01,32.41724137931035,340761.4549930151
NYISO,Baseline,2024-07-01,33.1741935483871,345593.11064934294
NYISO,Baseline,2024-12-01,32.34838709677419,335588.54071722506
NYISO,Baseline,2025-02-01,32.482142857142854,261135.71071247675
NYISO,Baseline,2025-09-01,32.836666666666666,380565.5965683692
NYISO,Baseline,2025-12-01,32.374193548387105,382200.31897892465
NYISO,Renewable_Push,2024-06-01,36.21000000000001,369170.6538112484
NYISO,Carbon_Tax,2024-06-01,35.38,385650.5707219047
NYISO,Demand_Growth,2023-05-01,34.1225806451613,318157.3264381797
SPP,Baseline,2023-11-01,48.963333333333345,560096.0109873579
SPP,Baseline,2023-12-01,48.68387096774193,489139.63616188953
SPP,Baseline,2024-10-01,48.91290322580644,511899.0493672026
SPP,Baseline,2025-06-01,49.65666666666665,508992.0719087447
SPP,Baseline,2025-08-01,49.33225806451613,499568.6201928331
SPP,Renewable_Push,2024-08-01,53.06129032258064,558800.9981395319
SPP,Renewable_Push,2025-07-01,53.10322580645161,586458.0708945423
SPP,Carbon_Tax,2024-05-01,51.86774193548387,613107.4887054441
SPP,Carbon_Tax,2025-01-01,50.93225806451613,539121.0922300307
SPP,Carbon_Tax,2025-04-01,51.63,538273.9537082778
SPP,Demand_Growth,2023-04-01,50.410000000000004,503411.56201195257
SPP,Demand_Growth,2023-10-01,50.254838709677415,518014.95357192477
SPP,Demand_Growth,2024-09-01,50.466666666666676,500856.9846446079
SPP,Storage_Focus,2024-08-01,52.51290322580645,533630.5208364264
SPP,Storage_Focus,2025-07-01,52.45483870967742,584203.5115590413
CAISO,Baseline,2023-02-01,40.5,425315.3959897747
CAISO,Renewable_Push,2024-04-01,44.42666666666667,703299.7651311861
CAISO,Carbon_Tax,2023-04-01,43.54333333333334,552449.3996241338
CAISO,Carbon_Tax,2023-10-01,43.34193548387097,698951.7663766744
CAISO,Carbon_Tax,2024-09-01,43.43333333333333,572996.7995498844
CAISO,Demand_Growth,2023-04-01,42.23666666666667,555380.2268036895
CAISO,Demand_Growth,2023-10-01,42.03548387096774,641319.1007611183
CAISO,Demand_Growth,2024-09-01,42.39,543014.7785911052
CAISO,Storage_Focus,2024-06-01,44.183333333333344,609711.2575044027
ERCOT,Baseline,2023-07-01,34.86129032258064,580933.6973264826
ERCOT,Baseline,2025-03-01,34.13225806451614,541336.0176633751
ERCOT,Renewable_Push,2024-04-01,37.60000000000001,715929.5902965013
ERCOT,Carbon_Tax,2024-04-01,36.54666666666666,608485.9255785516
ERCOT,Demand_Growth,2023-07-01,35.880645161290325,635171.3759845569
ERCOT,Demand_Growth,2025-03-01,35.17741935483872,683883.5258251644
ERCOT,Storage_Focus,2024-08-01,37.13225806451613,766803.6003853035
ERCOT,Storage_Focus,2025-07-01,37.26774193548386,684158.8963972871
PJM,Baseline,2025-10-01,26.41935483870968,827554.6653273171
PJM,Renewable_Push,2023-02-01,29.15357142857143,646498.3834312687
PJM,Carbon_Tax,2024-11-01,28.143333333333338,684090.6069163459
PJM,Demand_Growth,2023-11-01,27.173333333333336,677669.9028537248
PJM,Demand_Growth,2023-12-01,27.045161290322586,694698.8531133322
PJM,Demand_Growth,2024-10-01,27.53225806451612,696254.2528285774
PJM,Demand_Growth,2025-06-01,27.926666666666677,634996.0980903952
PJM,Demand_Growth,2025-08-01,27.867741935483878,712762.5695541505
PJM,Storage_Focus,2023-07-01,29.074193548387093,602787.3796990865
PJM,Storage_Focus,2025-03-01,28.735483870967744,650883.7821131009
NYISO,Baseline,2023-07-01,33.193548387096776,395568.9774298442
NYISO,Baseline,2025-03-01,32.66451612903226,324804.1456245261
NYISO,Renewable_Push,2023-06-01,36.24666666666667,349372.20765064855
NYISO,Carbon_Tax,2023-06-01,35.29333333333333,332463.23919618624
NYISO,Demand_Growth,2024-03-01,33.5225806451613,314028.20903670316
NYISO,Demand_Growth,2025-05-01,34.04516129032258,307302.5479012666
NYISO,Demand_Growth,2025-11-01,33.503333333333345,351813.3245976571
NYISO,Storage_Focus,2023-11-01,35.019999999999996,394992.305283328
NYISO,Storage_Focus,2023-12-01,34.79999999999999,342385.9096248629
NYISO,Storage_Focus,2024-10-01,35.2,378583.4282881231
NYISO,Storage_Focus,2025-06-01,35.54666666666666,357081.96217250504
NYISO,Storage_Focus,2025-08-01,35.616129032258065,390775.7684910793
SPP,Renewable_Push,2023-01-01,52.35806451612903,623294.2585252264
SPP,Renewable_Push,2023-03-01,52.593548387096774,610247.7650809373
SPP,Renewable_Push,2023-08-01,53.01612903225806,703315.0299266044
SPP,Renewable_Push,2023-09-01,52.923333333333325,576898.3603443705
SPP,Carbon_Tax,2025-10-01,51.470967741935496,561184.6671267366
SPP,Demand_Growth,2024-04-01,50.6,570486.4392863087
SPP,Storage_Focus,2023-01-01,51.6,558205.461540259
SPP,Storage_Focus,2023-03-01,51.83870967741935,565242.3562429982
SPP,Storage_Focus,2023-08-01,52.35483870967742,567961.7279441301
SPP,Storage_Focus,2023-09-01,52.05999999999999,588424.3546060949
CAISO,Baseline,2024-03-01,40.94193548387097,545618.0838616741
CAISO,Baseline,2025-05-01,41.361290322580636,455161.045690692
CAISO,Baseline,2025-11-01,40.599999999999994,587428.3226015645
CAISO,Renewable_Push,2024-06-01,44.910000000000004,592951.3041136273
CAISO,Carbon_Tax,2023-06-01,43.763333333333335,625734.608644395
CAISO,Demand_Growth,2023-06-01,42.58000000000001,604250.253685068
CAISO,Storage_Focus,2024-04-01,43.82666666666667,589280.5084939504
ERCOT,Baseline,2025-10-01,34.13548387096774,600236.8153588389
ERCOT,Renewable_Push,2024-06-01,37.89,685796.6103850763
ERCOT,Carbon_Tax,2024-06-01,36.989999999999995,662668.622684284
ERCOT,Demand_Growth,2025-10-01,35.270967741935486,620826.279475443
ERCOT,Storage_Focus,2023-11-01,36.46666666666667,642816.216172004
ERCOT,Storage_Focus,2023-12-01,36.46774193548388,667564.2480194741
ERCOT,Storage_Focus,2024-10-01,36.68709677419355,718349.1219504208
ERCOT,Storage_Focus,2025-06-01,37.33333333333333,595037.0954112284
ERCOT,Storage_Focus,2025-08-01,37.10645161290322,763974.2557660777
PJM,Baseline,2023-07-01,26.851612903225803,662086.059777245
PJM,Baseline,2025-03-01,26.361290322580643,635628.4139839186
PJM,Renewable_Push,2024-03-01,29.325806451612905,676490.9981369206
PJM,Renewable_Push,2025-05-01,29.58709677419355,718449.3799219052
PJM,Renewable_Push,2025-11-01,29.0,727345.1316919302
PJM,Carbon_Tax,2023-05-01,28.658064516129027,677662.9065281195
PJM,Demand_Growth,2024-08-01,27.89354838709677,712482.5902122923
PJM,Demand_Growth,2025-07-01,27.83225806451613,719287.3601891975
PJM,Storage_Focus,2025-10-01,28.783870967741933,731865.0971737531
NYISO,Baseline,2025-10-01,32.68387096774194,367161.4326464983
NYISO,Renewable_Push,2023-04-01,36.11666666666667,301572.2297618503
NYISO,Renewable_Push,2023-10-01,35.76129032258064,370719.1407855975
NYISO,Renewable_Push,2024-09-01,36.03,399626.4612825914
NYISO,Carbon_Tax,2023-04-01,35.13999999999999,344821.27833693917
NYISO,Carbon_Tax,2023-10-01,34.86451612903225,429047.80669460335
NYISO,Carbon_Tax,2024-09-01,35.04666666666666,340678.77475663705
NYISO,Demand_Growth,2023-02-01,33.52857142857143,248213.1821899779
NYISO,Storage_Focus,2024-08-01,35.54193548387097,422357.6152554575
NYISO,Storage_Focus,2025-07-01,35.748387096774195,396826.09858285624
SPP,Baseline,2023-01-01,48.61935483870969,554095.2331040982
SPP,Baseline,2023-03-01,49.12903225806452,571829.4376540326
SPP,Baseline,2023-08-01,49.5741935483871,646591.8764397526
SPP,Baseline,2023-09-01,49.29333333333333,567904.1158371539
SPP,Carbon_Tax,2023-07-01,52.01612903225808,616900.9432080658
SPP,Carbon_Tax,2025-03-01,51.26451612903227,618251.5429958496
SPP,Demand_Growth,2024-06-01,50.91666666666667,528617.9027268604
CAISO,Baseline,2024-05-01,41.32903225806451,580732.3689685246
CAISO,Baseline,2025-01-01,40.55806451612903,547958.9581143184
CAISO,Baseline,2025-04-01,41.15666666666666,522414.8683724799
CAISO,Renewable_Push,2023-11-01,44.07,520454.31439705554
CAISO,Renewable_Push,2023-12-01,43.91935483870968,619639.1123116375
CAISO,Renewable_Push,2024-10-01,44.21612903225806,688489.2355310998
CAISO,Renewable_Push,2025-06-01,44.70666666666667,654015.6847294724
CAISO,Renewable_Push,2025-08-01,44.59032258064516,581047.7115876945
CAISO,Storage_Focus,2024-08-01,44.29032258064516,531387.2683901715
CAISO,Storage_Focus,2025-07-01,44.19032258064516,578846.7236497755
ERCOT,Baseline,2023-05-01,34.725806451612904,546956.1569372471
ERCOT,Renewable_Push,2023-11-01,37.220000000000006,672201.2531240893
ERCOT,Renewable_Push,2023-12-01,37.13225806451613,610183.2733853199
ERCOT,Renewable_Push,2024-10-01,37.2516129032258,790530.4099527209
ERCOT,Renewable_Push,2025-06-01,37.84,697531.9415917544
ERCOT,Renewable_Push,2025-08-01,37.92258064516129,803952.3683973524
ERCOT,Carbon_Tax,2023-11-01,36.04333333333333,672968.9731076212
ERCOT,Carbon_Tax,2023-12-01,35.88709677419355,619832.3815330857
ERCOT,Carbon_Tax,2024-10-01,36.26774193548386,661046.8985569895
ERCOT,Carbon_Tax,2025-06-01,36.760000000000005,651558.8154969922
ERCOT,Carbon_Tax,2025-08-01,36.71612903225807,775065.2159315759
ERCOT,Demand_Growth,2023-05-01,35.71612903225806,624116.3207309613
ERCOT,Storage_Focus,2024-06-01,37.333333333333336,713882.8759782849
PJM,Baseline,2024-11-01,26.266666666666666,746249.9825436838
PJM,Renewable_Push,2024-05-01,29.735483870967744,659700.3372398365
PJM,Renewable_Push,2025-01-01,28.95806451612903,735362.9317838502
PJM,Renewable_Push,2025-04-01,29.319999999999997,612781.2395054364
PJM,Carbon_Tax,2025-10-01,28.238709677419354,790357.6433888351
PJM,Demand_Growth,2024-04-01,27.686666666666664,576557.0229103799
PJM,Storage_Focus,2023-05-01,28.999999999999996,654198.25580925
NYISO,Baseline,2023-05-01,33.10322580645162,292197.93635530444
NYISO,Renewable_Push,2023-01-01,35.558064516129036,383043.4545807153
NYISO,Renewable_Push,2023-03-01,35.81612903225806,305987.50164105283
NYISO,Renewable_Push,2023-08-01,36.254838709677415,424825.4500116677
NYISO,Renewable_Push,2023-09-01,35.97333333333333,393841.6438517954
NYISO,Carbon_Tax,2023-01-01,34.435483870967744,402493.93457403855
NYISO,Carbon_Tax,2023-03-01,34.861290322580636,350972.31183110614
NYISO,Carbon_Tax,2023-08-01,35.167741935483875,382302.720657312
NYISO,Carbon_Tax,2023-09-01,35.02333333333333,415977.9302372888
NYISO,Demand_Growth,2024-01-01,33.32258064516129,304993.57492143876
NYISO,Demand_Growth,2024-02-01,33.38965517241379,305978.7117154147
NYISO,Demand_Growth,2024-07-01,34.33870967741934,340899.1347352729
NYISO,Demand_Growth,2024-12-01,33.354838709677416,342488.2507547361
NYISO,Demand_Growth,2025-02-01,33.54642857142857,272267.70748469525
NYISO,Demand_Growth,2025-09-01,33.89,379166.1202167291
NYISO,Demand_Growth,2025-12-01,33.403225806451616,294865.0076580178
NYISO,Storage_Focus,2024-04-01,35.25999999999999,355638.44675911864
SPP,Baseline,2023-04-01,49.38333333333333,550063.0677887141
SPP,Baseline,2023-10-01,48.96774193548387,588495.6993593792
SPP,Baseline,2024-09-01,49.236666666666665,536721.8829056753
SPP,Renewable_Push,2023-06-01,53.199999999999996,550386.1926814876
SPP,Carbon_Tax,2024-11-01,51.11,554350.7221583864
SPP,Demand_Growth,2023-11-01,50.08666666666666,436438.97721053107
SPP,Demand_Growth,2023-12-01,49.89677419354839,502000.6624155583
SPP,Demand_Growth,2024-10-01,50.26774193548387,532552.4779846766
SPP,Demand_Growth,2025-06-01,50.98333333333332,476538.67709594086
SPP,Demand_Growth,2025-08-01,50.748387096774195,586647.1117987345
SPP,Storage_Focus,2023-06-01,52.28999999999999,609222.0625080653
CAISO,Baseline,2023-01-01,40.706451612903216,496337.89123207616
CAISO,Baseline,2023-03-01,40.9516129032258,516453.4828098463
CAISO,Baseline,2023-08-01,41.45161290322581,603895.3920477876
CAISO,Baseline,2023-09-01,40.91333333333333,497698.10714096925
CAISO,Renewable_Push,2023-07-01,44.89677419354839,631788.3134799036
CAISO,Renewable_Push,2025-03-01,44.19032258064516,602952.3019689164
CAISO,Carbon_Tax,2024-01-01,42.86129032258063,609184.2611280214
CAISO,Carbon_Tax,2024-02-01,42.93793103448276,581759.3736418849
CAISO,Carbon_Tax,2024-07-01,43.87096774193548,672754.6290553324
CAISO,Carbon_Tax,2024-12-01,42.65161290322581,568398.9253876506
CAISO,Carbon_Tax,2025-02-01,43.03928571428571,533265.5579710852
CAISO,Carbon_Tax,2025-09-01,43.376666666666665,575862.5743975141
CAISO,Carbon_Tax,2025-12-01,42.89032258064517,599359.4793823668
CAISO,Demand_Growth,2024-01-01,41.832258064516125,565129.3961381674
CAISO,Demand_Growth,2024-02-01,41.73793103448278,498477.42306636536
CAISO,Demand_Growth,2024-07-01,42.65483870967742,594656.9673261859
CAISO,Demand_Growth,2024-12-01,41.55806451612902,624217.6603007506
CAISO,Demand_Growth,2025-02-01,41.817857142857136,527819.2371664228
CAISO,Demand_Growth,2025-09-01,42.39666666666666,586649.3154258064
CAISO,Demand_Growth,2025-12-01,41.60967741935483,568550.2906921977
CAISO,Storage_Focus,2025-10-01,43.722580645161294,637080.2881367416
ERCOT,Baseline,2024-04-01,34.42999999999999,599054.0559265676
ERCOT,Renewable_Push,2023-07-01,37.835483870967735,729084.1810632974
ERCOT,Renewable_Push,2025-03-01,37.46129032258065,585265.4863336086
ERCOT,Carbon_Tax,2023-07-01,36.87419354838709,704244.6588150467
ERCOT,Carbon_Tax,2025-03-01,36.329032258064515,587628.066128216
ERCOT,Demand_Growth,2024-04-01,35.533333333333324,582913.8192091158
ERCOT,Storage_Focus,2024-11-01,36.67,692760.1141882444
PJM,Baseline,2024-06-01,26.833333333333336,712737.7954120202
PJM,Renewable_Push,2023-01-01,28.838709677419363,674977.70565369
PJM,Renewable_Push,2023-03-01,29.251612903225812,661953.1108178195
PJM,Renewable_Push,2023-08-01,29.49677419354839,775591.9515962081
PJM,Renewable_Push,2023-09-01,29.540000000000006,735494.0974571522
PJM,Carbon_Tax,2024-08-01,28.625806451612902,717305.1193844927
PJM,Carbon_Tax,2025-07-01,28.83225806451613,666012.1890651066
PJM,Demand_Growth,2023-05-01,27.745161290322578,654847.3187304336
PJM,Storage_Focus,2024-04-01,28.860000000000003,629303.5367984396
NYISO,Baseline,2024-04-01,32.82666666666667,276717.6188753744
NYISO,Renewable_Push,2024-05-01,36.241935483870975,305324.59687064093
NYISO,Renewable_Push,2025-01-01,35.490322580645156,366415.1599862803
NYISO,Renewable_Push,2025-04-01,35.89333333333334,348366.26913928497
NYISO,Carbon_Tax,2024-05-01,35.103225806451604,404077.5930775708
NYISO,Carbon_Tax,2025-01-01,34.477419354838716,361757.61308448174
NYISO,Carbon_Tax,2025-04-01,34.980000000000004,358060.5920918008
NYISO,Storage_Focus,2023-05-01,35.66129032258065,365358.7353371281
SPP,Baseline,2024-03-01,49.15806451612903,532991.4300521056
SPP,Baseline,2025-05-01,49.525806451612894,493583.64901576826
SPP,Baseline,2025-11-01,48.970000000000006,426836.2484499916
SPP,Renewable_Push,2023-02-01,52.232142857142854,575567.3455370158
SPP,Carbon_Tax,2024-06-01,52.03666666666666,605236.807238887
SPP,Demand_Growth,2023-07-01,50.851612903225806,515898.89535948855
SPP,Demand_Growth,2025-03-01,50.10967741935483,566059.0764743985
SPP,Storage_Focus,2023-02-01,51.62857142857144,596735.0138925035
CAISO,Baseline,2023-06-01,41.673333333333325,537849.8222361222
CAISO,Renewable_Push,2023-05-01,44.829032258064515,599928.8999345208
CAISO,Carbon_Tax,2024-03-01,43.28387096774193,644267.7063947807
CAISO,Carbon_Tax,2025-05-01,43.529032258064504,582088.5083957039
CAISO,Carbon_Tax,2025-11-01,42.91666666666667,636288.8101966572
CAISO,Demand_Growth,2024-03-01,42.03870967741936,597082.1463616465
CAISO,Demand_Growth,2025-05-01,42.50322580645162,593071.6374709501
CAISO,Demand_Growth,2025-11-01,41.79,518495.6496519751
CAISO,Storage_Focus,2024-11-01,43.419999999999995,629108.7577439618
ERCOT,Baseline,2023-11-01,33.86,702258.1146713542
ERCOT,Baseline,2023-12-01,33.806451612903224,644242.1294835977
ERCOT,Baseline,2024-10-01,34.08387096774193,634824.8641214592
ERCOT,Baseline,2025-06-01,34.74999999999999,600421.624141626
ERCOT,Baseline,2025-08-01,34.590322580645164,691090.306475224
ERCOT,Renewable_Push,2023-05-01,37.74193548387097,735615.1852755294
ERCOT,Carbon_Tax,2023-05-01,36.816129032258054,662609.8215840313
ERCOT,Demand_Growth,2023-11-01,35.223333333333336,647805.351333255
ERCOT,Demand_Growth,2023-12-01,34.948387096774184,562499.4893479134
ERCOT,Demand_Growth,2024-10-01,35.335483870967735,639748.4050573515
ERCOT,Demand_Growth,2025-06-01,35.82666666666667,592876.3313745955
ERCOT,Demand_Growth,2025-08-01,35.57419354838709,735019.4344168205
ERCOT,Storage_Focus,2025-10-01,36.78709677419355,777457.6751190581
PJM,Baseline,2024-08-01,26.69677419354839,806211.5347590955
PJM,Baseline,2025-07-01,26.88709677419355,738059.245893145
PJM,Renewable_Push,2023-06-01,29.673333333333332,611023.3237882592
PJM,Carbon_Tax,2024-06-01,28.80666666666667,684509.7808880634
PJM,Demand_Growth,2023-07-01,27.793548387096777,686875.7119787928
PJM,Demand_Growth,2025-03-01,27.40322580645161,688036.2820034397
PJM,Storage_Focus,2023-11-01,28.46,748627.8687163423
PJM,Storage_Focus,2023-12-01,28.496774193548383,703503.8625087657
PJM,Storage_Focus,2024-10-01,28.52258064516129,748147.0239477918
PJM,Storage_Focus,2025-06-01,29.02,514297.5793356301
PJM,Storage_Focus,2025-08-01,29.19354838709678,729633.1810751308
NYISO,Baseline,2023-11-01,32.33,370278.1779184351
NYISO,Baseline,2023-12-01,32.24193548387097,320787.7308031727
NYISO,Baseline,2024-10-01,32.67741935483871,351324.99704693974
NYISO,Baseline,2025-06-01,33.1,339177.6394542617
NYISO,Baseline,2025-08-01,32.97741935483871,352283.8610549099
NYISO,Renewable_Push,2023-02-01,35.55357142857143,313162.3206728232
NYISO,Carbon_Tax,2023-02-01,34.51071428571428,305340.7862891151
NYISO,Demand_Growth,2023-04-01,34.01666666666667,308479.1154392084
NYISO,Demand_Growth,2023-10-01,33.593548387096774,347605.14655754453
NYISO,Demand_Growth,2024-09-01,34.02666666666667,314529.1474098754
NYISO,Storage_Focus,2023-07-01,35.62580645161291,392479.27037798695
NYISO,Storage_Focus,2025-03-01,35.20645161290322,310952.2652631884
SPP,Baseline,2024-01-01,48.76451612903225,522221.5330966647
SPP,Baseline,2024-02-01,48.713793103448275,496536.38196062174
SPP,Baseline,2024-07-01,49.63225806451614,602347.7603829821
SPP,Baseline,2024-12-01,48.474193548387085,526007.0933967613
SPP,Baseline,2025-02-01,48.871428571428574,487955.92247687525
SPP,Baseline,2025-09-01,49.28,507801.120873431
SPP,Baseline,2025-12-01,48.4,525166.6125350613
SPP,Renewable_Push,2024-05-01,53.000000000000014,597703.7130788261
SPP,Renewable_Push,2025-01-01,52.46774193548388,597418.6971392734
SPP,Renewable_Push,2025-04-01,52.88333333333333,518445.5323607712
SPP,Carbon_Tax,2024-08-01,51.91612903225806,530349.6969841766
SPP,Carbon_Tax,2025-07-01,52.00322580645161,599489.563391758
SPP,Demand_Growth,2023-05-01,50.81612903225805,501198.36860397283
SPP,Storage_Focus,2024-05-01,52.52258064516129,591380.0601315027
SPP,Storage_Focus,2025-01-01,51.53548387096774,637843.4364346387
SPP,Storage_Focus,2025-04-01,52.260000000000005,515416.00265530485
CAISO,Baseline,2025-10-01,41.01935483870968,621201.5662842554
CAISO,Carbon_Tax,2023-11-01,42.99333333333333,580129.4008536986
CAISO,Carbon_Tax,2023-12-01,42.85806451612903,605291.1538215934
CAISO,Carbon_Tax,2024-10-01,43.129032258064505,667127.0191144227
CAISO,Carbon_Tax,2025-06-01,43.779999999999994,542209.3911258084
CAISO,Carbon_Tax,2025-08-01,43.619354838709675,574759.5773048684
CAISO,Demand_Growth,2023-11-01,41.723333333333336,545734.7172441032
CAISO,Demand_Growth,2023-12-01,41.729032258064514,524040.248079934
CAISO,Demand_Growth,2024-10-01,42.00645161290323,612222.8308894814
CAISO,Demand_Growth,2025-06-01,42.760000000000005,553516.7935482381
CAISO,Demand_Growth,2025-08-01,42.3967741935484,554688.0322679629
CAISO,Storage_Focus,2023-01-01,43.31290322580645,655869.4989201748
CAISO,Storage_Focus,2023-03-01,43.454838709677425,615429.002663852
CAISO,Storage_Focus,2023-08-01,44.15483870967743,629595.777182225
CAISO,Storage_Focus,2023-09-01,44.126666666666665,566237.3692986486
ERCOT,Baseline,2024-03-01,34.18064516129032,541802.8177684769
ERCOT,Baseline,2025-05-01,34.45483870967742,630952.281317666
ERCOT,Baseline,2025-11-01,33.86999999999999,597261.8058390849
ERCOT,Demand_Growth,2024-03-01,35.17741935483871,663571.8355370101
ERCOT,Demand_Growth,2025-05-01,35.52580645161291,601805.6718367011
ERCOT,Demand_Growth,2025-11-01,34.936666666666675,639035.6517956337
ERCOT,Storage_Focus,2023-06-01,37.20666666666666,600711.949605352
PJM,Baseline,2023-02-01,26.317857142857147,543968.5322592364
PJM,Renewable_Push,2025-10-01,29.270967741935483,706187.3897832141
PJM,Carbon_Tax,2024-05-01,28.645161290322587,661413.874555474
PJM,Carbon_Tax,2025-01-01,28.051612903225806,645228.5477896867
PJM,Carbon_Tax,2025-04-01,28.526666666666664,690114.1932125144
PJM,Demand_Growth,2023-04-01,27.56,613294.4169167726
PJM,Demand_Growth,2023-10-01,27.361290322580643,891611.092913077
PJM,Demand_Growth,2024-09-01,27.533333333333335,694633.4400680995
PJM,Storage_Focus,2024-03-01,28.677419354838705,615814.0520838526
PJM,Storage_Focus,2025-05-01,28.941935483870967,683600.2178394553
PJM,Storage_Focus,2025-11-01,28.439999999999998,704193.9176345329
NYISO,Baseline,2024-03-01,32.66451612903226,319182.6536819779
NYISO,Baseline,2025-05-01,32.9741935483871,323383.3569076241
NYISO,Baseline,2025-11-01,32.39666666666667,332569.0851161909
NYISO,Renewable_Push,2024-08-01,36.274193548387096,403775.12502001645
NYISO,Renewable_Push,2025-07-01,36.54838709677418,387148.61017935886
NYISO,Carbon_Tax,2024-08-01,35.122580645161285,381617.8201010793
NYISO,Carbon_Tax,2025-07-01,35.34193548387097,400833.5630275027
NYISO,Demand_Growth,2023-07-01,34.20645161290323,346893.83281892264
NYISO,Demand_Growth,2025-03-01,33.71935483870967,308778.2776243498
NYISO,Storage_Focus,2023-04-01,35.29666666666666,348416.1298006412
NYISO,Storage_Focus,2023-10-01,35.15161290322581,394452.3786099787
NYISO,Storage_Focus,2024-09-01,35.406666666666666,418674.19624728657
SPP,Baseline,2024-04-01,49.30666666666666,490084.93347080116
SPP,Renewable_Push,2024-06-01,53.05333333333333,573834.0378959476
SPP,Carbon_Tax,2023-02-01,51.24999999999999,558093.5489896775
SPP,Storage_Focus,2024-06-01,52.399999999999984,578805.1691226189
CAISO,Baseline,2024-01-01,40.49032258064517,538971.6897159322
CAISO,Baseline,2024-02-01,40.8103448275862,480114.63729203306
CAISO,Baseline,2024-07-01,41.64193548387098,584486.8477432131
CAISO,Baseline,2024-12-01,40.52903225806452,606831.0193625613
CAISO,Baseline,2025-02-01,40.69285714285716,475327.3989222659
CAISO,Baseline,2025-09-01,41.15333333333333,600829.9836450975
CAISO,Baseline,2025-12-01,40.500000000000014,608191.7647543007
CAISO,Renewable_Push,2024-08-01,44.877419354838715,645484.8668543886
CAISO,Renewable_Push,2025-07-01,44.99999999999999,651517.587098261
CAISO,Carbon_Tax,2023-01-01,42.78387096774193,576183.0778474271
CAISO,Carbon_Tax,2023-03-01,43.06451612903226,615140.0208338898
CAISO,Carbon_Tax,2023-08-01,43.61612903225805,642170.3460919692
CAISO,Carbon_Tax,2023-09-01,43.416666666666664,569622.2051485007
CAISO,Demand_Growth,2023-01-01,41.938709677419354,595105.216711121
CAISO,Demand_Growth,2023-03-01,42.170967741935485,533483.5709675015
CAISO,Demand_Growth,2023-08-01,42.68709677419355,580789.9194848451
CAISO,Demand_Growth,2023-09-01,42.203333333333326,616361.7786186849
CAISO,Storage_Focus,2023-11-01,43.38999999999999,622127.6365761951
CAISO,Storage_Focus,2023-12-01,43.38709677419356,553143.9435929224
CAISO,Storage_Focus,2024-10-01,43.66129032258064,537554.7679920153
CAISO,Storage_Focus,2025-06-01,44.313333333333325,551360.4041088155
CAISO,Storage_Focus,2025-08-01,44.06774193548387,683260.034643545
ERCOT,Baseline,2024-11-01,33.88,614641.6618923033
ERCOT,Renewable_Push,2024-08-01,37.693548387096776,685703.2346991919
ERCOT,Renewable_Push,2025-07-01,37.82903225806451,751282.6357884646
ERCOT,Carbon_Tax,2024-08-01,36.78387096774193,697559.1696171853
ERCOT,Carbon_Tax,2025-07-01,36.880645161290325,738323.3765996732
ERCOT,Demand_Growth,2024-11-01,35.11,677698.6217216371
ERCOT,Storage_Focus,2024-04-01,36.980000000000004,566514.3421485006
PJM,Baseline,2023-05-01,26.745161290322578,654708.393630902
PJM,Renewable_Push,2024-01-01,28.94516129032258,662403.9632298737
PJM,Renewable_Push,2024-02-01,29.027586206896547,697311.2154700122
PJM,Renewable_Push,2024-07-01,29.70967741935484,754709.1782930051
PJM,Renewable_Push,2024-12-01,28.9258064516129,740215.1481723235
PJM,Renewable_Push,2025-02-01,28.97857142857143,587635.2831318561
PJM,Renewable_Push,2025-09-01,29.506666666666668,698600.7058473766
PJM,Renewable_Push,2025-12-01,29.00322580645161,792910.2647986945
PJM,Carbon_Tax,2023-07-01,28.761290322580642,793074.0139261986
PJM,Carbon_Tax,2025-03-01,28.29677419354839,653046.54032331
PJM,Demand_Growth,2024-06-01,27.82666666666666,668920.1040835207
PJM,Storage_Focus,2024-11-01,28.53333333333334,662440.9153228507
NYISO,Baseline,2024-11-01,32.43333333333332,338731.83967743214
NYISO,Demand_Growth,2024-05-01,34.08387096774194,345332.3756966905
NYISO,Demand_Growth,2025-01-01,33.38387096774194,321805.6246482449
NYISO,Demand_Growth,2025-04-01,33.77,297537.83715816034
NYISO,Storage_Focus,2024-06-01,35.75666666666667,323632.11628750025
SPP,Baseline,2023-06-01,49.68333333333333,467742.3009484348
SPP,Renewable_Push,2023-04-01,52.88333333333334,561607.7749330477
SPP,Renewable_Push,2023-10-01,52.55806451612903,608706.0724826679
SPP,Renewable_Push,2024-09-01,52.68999999999999,669703.8548395839
SPP,Carbon_Tax,2023-05-01,51.81290322580646,617418.8801535035
SPP,Demand_Growth,2024-08-01,50.65161290322582,484452.8073939559
SPP,Demand_Growth,2025-07-01,50.838709677419345,607838.4453520726
SPP,Storage_Focus,2023-04-01,52.04333333333333,518700.29092043743
SPP,Storage_Focus,2023-10-01,51.86451612903225,653905.2083011459
SPP,Storage_Focus,2024-09-01,52.29333333333334,602248.5571312342
CAISO,Baseline,2024-08-01,41.30645161290322,591084.3529629229
CAISO,Baseline,2025-07-01,41.52903225806452,559223.8777708515
CAISO,Renewable_Push,2024-01-01,44.01935483870967,647547.5567236084
CAISO,Renewable_Push,2024-02-01,43.989655172413784,564704.8799657293
CAISO,Renewable_Push,2024-07-01,44.854838709677416,512463.2150675569
CAISO,Renewable_Push,2024-12-01,43.94193548387096,571617.0245025863
CAISO,Renewable_Push,2025-02-01,43.91071428571427,542757.4058643823
CAISO,Renewable_Push,2025-09-01,44.499999999999986,640543.1874214194
CAISO,Renewable_Push,2025-12-01,43.89677419354841,578769.5144483725
CAISO,Carbon_Tax,2023-07-01,43.72580645161291,635519.6019949691
CAISO,Carbon_Tax,2025-03-01,43.06774193548387,576822.6006253719
CAISO,Demand_Growth,2023-07-01,42.59677419354838,546877.898763011
CAISO,Demand_Growth,2025-03-01,41.8225806451613,504837.5250541685
CAISO,Storage_Focus,2024-05-01,43.98709677419354,668440.8486112305
CAISO,Storage_Focus,2025-01-01,43.241935483870975,597968.3916623106
CAISO,Storage_Focus,2025-04-01,43.949999999999996,539760.6974187316
ERCOT,Baseline,2023-04-01,34.39999999999999,604189.2880341156
ERCOT,Baseline,2023-10-01,34.13870967741937,718691.3305233964
ERCOT,Baseline,2024-09-01,34.526666666666664,733944.5450558803
ERCOT,Renewable_Push,2024-01-01,36.94838709677419,723483.0492080298
ERCOT,Renewable_Push,2024-02-01,37.075862068965506,601643.4459870781
ERCOT,Renewable_Push,2024-07-01,37.86774193548386,669459.1816332425
ERCOT,Renewable_Push,2024-12-01,36.96774193548387,682295.8345592832
ERCOT,Renewable_Push,2025-02-01,37.121428571428574,628310.7878568331
ERCOT,Renewable_Push,2025-09-01,37.57666666666667,653922.8072326627
ERCOT,Renewable_Push,2025-12-01,37.04838709677419,625352.0903867813
ERCOT,Carbon_Tax,2024-01-01,36.016129032258064,704307.8680248572
ERCOT,Carbon_Tax,2024-02-01,36.06551724137931,697441.509280572
ERCOT,Carbon_Tax,2024-07-01,36.87096774193548,599364.3573069976
ERCOT,Carbon_Tax,2024-12-01,36.09677419354839,661438.5288113832
ERCOT,Carbon_Tax,2025-02-01,35.975,608357.185625771
ERCOT,Carbon_Tax,2025-09-01,36.56666666666667,628152.1983346355
ERCOT,Carbon_Tax,2025-12-01,35.983870967741936,755424.9562681182
ERCOT,Demand_Growth,2023-04-01,35.46333333333334,575274.7893090483
ERCOT,Demand_Growth,2023-10-01,35.25806451612904,687711.307551694
ERCOT,Demand_Growth,2024-09-01,35.50999999999999,660274.8442380397
ERCOT,Storage_Focus,2023-02-01,36.55357142857142,602490.3823880805
PJM,Baseline,2023-06-01,26.823333333333334,627403.7056342496
PJM,Renewable_Push,2024-08-01,29.76451612903226,819541.0637460055
PJM,Renewable_Push,2025-07-01,29.661290322580655,692651.6424090156
PJM,Carbon_Tax,2023-01-01,28.06451612903226,683426.3000395894
PJM,Carbon_Tax,2023-03-01,28.267741935483873,705637.8779829447
PJM,Carbon_Tax,2023-08-01,28.667741935483864,740392.1518670713
PJM,Carbon_Tax,2023-09-01,28.48,677832.8765913049
PJM,Demand_Growth,2024-03-01,27.425806451612907,655094.3334315218
PJM,Demand_Growth,2025-05-01,27.787096774193547,660591.2620295086
PJM,Demand_Growth,2025-11-01,27.283333333333328,670858.7462250382
PJM,Storage_Focus,2023-04-01,28.843333333333344,610745.752058533
PJM,Storage_Focus,2023-10-01,28.738709677419358,745821.9567111146
PJM,Storage_Focus,2024-09-01,28.863333333333337,714237.2439781133
NYISO,Baseline,2023-04-01,32.85666666666667,286134.7711828884
NYISO,Baseline,2023-10-01,32.541935483870965,385577.3357632984
NYISO,Baseline,2024-09-01,32.96333333333333,380474.5204715068
NYISO,Renewable_Push,2025-10-01,35.81935483870967,421573.4643688063
NYISO,Carbon_Tax,2025-10-01,34.64193548387097,406775.57672031195
NYISO,Demand_Growth,2023-11-01,33.589999999999996,326019.127662773
NYISO,Demand_Growth,2023-12-01,33.34838709677419,320208.66891191603
NYISO,Demand_Growth,2024-10-01,33.61290322580645,379806.26258617215
NYISO,Demand_Growth,2025-06-01,34.28666666666667,285840.1884796337
NYISO,Demand_Growth,2025-08-01,34.129032258064505,347232.04509064567
NYISO,Storage_Focus,2024-03-01,35.090322580645164,316698.9506438616
NYISO,Storage_Focus,2025-05-01,35.44193548387097,359079.09975747106
NYISO,Storage_Focus,2025-11-01,34.89,325928.5029444419
SPP,Baseline,2023-05-01,49.56774193548388,569139.6935182689
SPP,Renewable_Push,2024-11-01,52.38666666666667,651777.5122795514
SPP,Carbon_Tax,2023-06-01,52.056666666666665,536578.623465944
SPP,Demand_Growth,2024-01-01,49.87096774193548,462148.83861526276
SPP,Demand_Growth,2024-02-01,49.95172413793102,534335.829170404
SPP,Demand_Growth,2024-07-01,51.00322580645161,576161.7851260552
SPP,Demand_Growth,2024-12-01,49.97741935483871,562418.3663152182
SPP,Demand_Growth,2025-02-01,49.896428571428565,417628.52178667404
SPP,Demand_Growth,2025-09-01,50.60000000000001,489642.5272518221
SPP,Demand_Growth,2025-12-01,49.80967741935484,507939.59031084675
SPP,Storage_Focus,2024-11-01,51.533333333333324,562211.1736757269
CAISO,Baseline,2023-04-01,41.23666666666667,456036.28618579655
CAISO,Baseline,2023-10-01,40.932258064516134,532762.3243543142
CAISO,Baseline,2024-09-01,40.94666666666667,561880.5532956779
CAISO,Renewable_Push,2024-11-01,44.089999999999996,607723.6137867146
CAISO,Carbon_Tax,2023-02-01,42.94285714285716,509130.1102109823
CAISO,Demand_Growth,2023-02-01,41.760714285714286,429854.0722359866
CAISO,Storage_Focus,2023-05-01,44.12903225806452,643658.527493523
ERCOT,Baseline,2024-08-01,34.65161290322582,679685.2147867188
ERCOT,Baseline,2025-07-01,34.70645161290323,753637.3999399648
ERCOT,Renewable_Push,2024-11-01,37.03666666666666,638215.3649149571
ERCOT,Carbon_Tax,2024-11-01,36.133333333333326,763265.2334588311
ERCOT,Demand_Growth,2024-08-01,35.66451612903226,693132.7894449633
ERCOT,Demand_Growth,2025-07-01,35.822580645161295,618960.0694089148
ERCOT,Storage_Focus,2023-07-01,37.34516129032257,622738.8991165763
ERCOT,Storage_Focus,2025-03-01,36.87096774193548,591971.4225286702
PJM,Baseline,2023-11-01,26.213333333333335,610796.8892361273
PJM,Baseline,2023-12-01,26.187096774193545,658317.0281565291
PJM,Baseline,2024-10-01,26.358064516129033,722744.9884020177
PJM,Baseline,2025-06-01,26.97333333333334,599309.158703005
PJM,Baseline,2025-08-01,26.73225806451613,813333.0768109191
PJM,Renewable_Push,2023-04-01,29.39666666666666,560008.118225792
PJM,Renewable_Push,2023-10-01,29.303225806451607,756128.343239669
PJM,Renewable_Push,2024-09-01,29.416666666666668,709889.3254088365
PJM,Carbon_Tax,2024-04-01,28.433333333333337,589983.0043720937
PJM,Demand_Growth,2025-10-01,27.390322580645154,623123.6731163173
PJM,Storage_Focus,2024-08-01,29.003225806451606,758658.4845110851
PJM,Storage_Focus,2025-07-01,29.151612903225804,724323.2889750927
NYISO,Baseline,2024-08-01,33.0258064516129,384391.1710725185
NYISO,Baseline,2025-07-01,33.161290322580655,339661.90235213155
NYISO,Renewable_Push,2024-03-01,35.593548387096774,384410.8001111608
NYISO,Renewable_Push,2025-05-01,36.07096774193549,344139.67800328514
NYISO,Renewable_Push,2025-11-01,35.656666666666666,394693.8414607469
NYISO,Carbon_Tax,2024-03-01,34.81935483870968,353006.67119040166
NYISO,Carbon_Tax,2025-05-01,35.061290322580646,391412.28694354265
NYISO,Carbon_Tax,2025-11-01,34.63,412399.55286932905
NYISO,Demand_Growth,2023-06-01,34.20666666666666,362070.9867650633
NYISO,Storage_Focus,2025-10-01,35.18387096774193,368076.3688226595
SPP,Baseline,2024-05-01,49.370967741935495,573710.7410670093
SPP,Baseline,2025-01-01,48.68387096774193,521645.09181634197
SPP,Baseline,2025-04-01,49.11666666666668,503489.27070903586
SPP,Renewable_Push,2024-01-01,52.3806451612903,496442.6030312022
SPP,Renewable_Push,2024-02-01,52.306896551724144,576657.7588076082
SPP,Renewable_Push,2024-07-01,53.28387096774194,669958.6764753795
SPP,Renewable_Push,2024-12-01,52.25161290322581,569406.3991232007
SPP,Renewable_Push,2025-02-01,52.45714285714284,551959.1897737911
SPP,Renewable_Push,2025-09-01,52.88333333333334,583925.0349557066
SPP,Renewable_Push,2025-12-01,52.22258064516129,638694.4557751627
SPP,Carbon_Tax,2023-11-01,51.123333333333335,551745.5978474986
SPP,Carbon_Tax,2023-12-01,51.05806451612904,613283.4737513296
SPP,Carbon_Tax,2024-10-01,51.50322580645161,515560.7341542953
SPP,Carbon_Tax,2025-06-01,52.010000000000005,562474.5910259417
SPP,Carbon_Tax,2025-08-01,51.964516129032255,559703.336077507
SPP,Demand_Growth,2024-11-01,50.20666666666667,485144.8167776292
SPP,Storage_Focus,2024-01-01,51.538709677419355,611380.2961012892
SPP,Storage_Focus,2024-02-01,51.79310344827586,534901.8439252609
SPP,Storage_Focus,2024-07-01,52.48387096774194,591357.6229391445
SPP,Storage_Focus,2024-12-01,51.590322580645164,545208.5283725531
SPP,Storage_Focus,2025-02-01,51.73571428571428,599232.5432771202
SPP,Storage_Focus,2025-09-01,52.129999999999995,569511.9895201065
SPP,Storage_Focus,2025-12-01,51.670967741935485,598904.6094742718
CAISO,Baseline,2024-06-01,41.53333333333334,575250.8952840396
CAISO,Renewable_Push,2024-03-01,44.03225806451612,719534.968007887
CAISO,Renewable_Push,2025-05-01,44.74193548387097,622263.6911465615
CAISO,Renewable_Push,2025-11-01,44.0,559089.6148643813
CAISO,Carbon_Tax,2023-05-01,43.648387096774194,633197.6108367637
CAISO,Demand_Growth,2023-05-01,42.44193548387096,632000.5460800994
CAISO,Storage_Focus,2023-02-01,43.45714285714286,478056.9659805582
ERCOT,Renewable_Push,2024-03-01,37.31612903225807,713528.7612404388
ERCOT,Renewable_Push,2025-05-01,37.68064516129032,728721.7538496726
ERCOT,Renewable_Push,2025-11-01,37.25,747091.7200953116
ERCOT,Carbon_Tax,2024-03-01,36.34516129032258,633668.747170102
ERCOT,Carbon_Tax,2025-05-01,36.81935483870968,731780.3212631297
ERCOT,Carbon_Tax,2025-11-01,35.99333333333333,699605.2321139966
ERCOT,Storage_Focus,2024-05-01,37.22258064516129,687953.9476653612
ERCOT,Storage_Focus,2025-01-01,36.43548387096774,716603.0362473642
ERCOT,Storage_Focus,2025-04-01,36.790000000000006,639241.5511052341
PJM,Baseline,2023-01-01,26.238709677419354,610137.6939854417
PJM,Baseline,2023-03-01,26.38387096774193,728296.306218507
PJM,Baseline,2023-08-01,26.690322580645155,724560.4032525233
PJM,Baseline,2023-09-01,26.566666666666666,643000.1715699817
PJM,Renewable_Push,2024-06-01,29.866666666666664,670053.1976722165
PJM,Carbon_Tax,2023-06-01,28.8,693535.1350882207
PJM,Demand_Growth,2024-01-01,27.154838709677417,609161.467917101
PJM,Demand_Growth,2024-02-01,27.117241379310347,621527.3949902501
PJM,Demand_Growth,2024-07-01,27.896774193548385,805520.3899453504
PJM,Demand_Growth,2024-12-01,27.238709677419358,656747.5081431414
PJM,Demand_Growth,2025-02-01,27.217857142857138,541052.8239963374
PJM,Demand_Growth,2025-09-01,27.616666666666664,712261.9884411886
PJM,Demand_Growth,2025-12-01,27.174193548387098,758749.6453466077
NYISO,Renewable_Push,2024-11-01,35.54333333333334,320609.9399512794
NYISO,Carbon_Tax,2024-11-01,34.61,325336.4072913614
NYISO,Demand_Growth,2024-04-01,33.993333333333325,303084.483728758
NYISO,Storage_Focus,2024-01-01,34.92903225806452,324945.2370808605
NYISO,Storage_Focus,2024-02-01,34.8,319758.9849079997
NYISO,Storage_Focus,2024-07-01,35.79354838709677,316096.7397133309
NYISO,Storage_Focus,2024-12-01,34.90967741935484,335074.10486171267
NYISO,Storage_Focus,2025-02-01,34.89285714285715,259104.55397398112
NYISO,Storage_Focus,2025-09-01,35.343333333333334,369427.8551426174
NYISO,Storage_Focus,2025-12-01,34.76129032258064,333892.3036700171
SPP,Baseline,2023-07-01,49.67741935483871,556239.2894936434
SPP,Baseline,2025-03-01,49.106451612903214,510902.59945445997
SPP,Renewable_Push,2025-10-01,52.593548387096774,560328.9559074885
SPP,Carbon_Tax,2023-01-01,51.18064516129034,577521.4938908734
SPP,Carbon_Tax,2023-03-01,51.416129032258056,593943.8823465509
SPP,Carbon_Tax,2023-08-01,51.96129032258065,624921.2393625064
SPP,Carbon_Tax,2023-09-01,51.66333333333334,580499.3452699771
SPP,Demand_Growth,2024-03-01,50.30322580645161,537083.8959825176
SPP,Demand_Growth,2025-05-01,50.69354838709679,555991.8194722862
SPP,Demand_Growth,2025-11-01,49.95666666666667,544399.8489230422
SPP,Storage_Focus,2025-10-01,51.83225806451612,628875.6748224166
CAISO,Renewable_Push,2025-10-01,44.37741935483869,647565.6311108297
CAISO,Carbon_Tax,2024-05-01,43.767741935483876,572764.063455387
CAISO,Carbon_Tax,2025-01-01,42.88064516129031,612421.8581828132
CAISO,Carbon_Tax,2025-04-01,43.38666666666666,590832.4784069194
CAISO,Demand_Growth,2024-05-01,42.619354838709675,535269.0262432348
CAISO,Demand_Growth,2025-01-01,41.69677419354839,567341.3572116178
CAISO,Demand_Growth,2025-04-01,42.32666666666667,544429.7650530657
CAISO,Storage_Focus,2023-07-01,44.28064516129033,702842.7364593911
CAISO,Storage_Focus,2025-03-01,43.603225806451604,566088.8223405851
ERCOT,Baseline,2024-06-01,34.67666666666667,567248.2523483272
ERCOT,Renewable_Push,2025-10-01,37.36451612903225,647855.2592298886
ERCOT,Carbon_Tax,2025-10-01,36.2483870967742,696517.9125020663
ERCOT,Demand_Growth,2024-06-01,35.78666666666667,632521.3816454825
ERCOT,Storage_Focus,2023-05-01,37.23870967741935,548845.7901135616
PJM,Baseline,2024-04-01,26.583333333333332,587888.8155838032
PJM,Carbon_Tax,2023-11-01,28.046666666666663,713622.3827895649
PJM,Carbon_Tax,2023-12-01,28.103225806451615,785319.1067386905
PJM,Carbon_Tax,2024-10-01,28.212903225806453,741857.2750071818
PJM,Carbon_Tax,2025-06-01,28.83,611957.030221748
PJM,Carbon_Tax,2025-08-01,28.693548387096776,713549.3242916398
PJM,Demand_Growth,2024-11-01,27.103333333333335,704658.5343149904
PJM,Storage_Focus,2024-06-01,29.15333333333334,651476.1539910781
NYISO,Baseline,2024-06-01,33.22666666666667,340591.55551822763
NYISO,Renewable_Push,2024-01-01,35.558064516129036,357718.1802403883
NYISO,Renewable_Push,2024-02-01,35.53103448275862,336634.72498046624
NYISO,Renewable_Push,2024-07-01,36.24516129032259,414845.3444804447
NYISO,Renewable_Push,2024-12-01,35.561290322580646,390756.3972922577
NYISO,Renewable_Push,2025-02-01,35.55714285714286,342258.53632254
NYISO,Renewable_Push,2025-09-01,35.93999999999999,426370.58834741195
NYISO,Renewable_Push,2025-12-01,35.4741935483871,384869.90441033005
NYISO,Carbon_Tax,2024-01-01,34.42903225806451,390698.78380880074
NYISO,Carbon_Tax,2024-02-01,34.46551724137931,353076.9650316132
NYISO,Carbon_Tax,2024-07-01,35.21935483870967,413555.99043971323
NYISO,Carbon_Tax,2024-12-01,34.37096774193547,391223.43461631576
NYISO,Carbon_Tax,2025-02-01,34.62142857142858,267485.7520046279
NYISO,Carbon_Tax,2025-09-01,35.09333333333334,337673.3063118091
NYISO,Carbon_Tax,2025-12-01,34.47096774193548,383681.8193906014
NYISO,Demand_Growth,2023-01-01,33.37419354838709,362097.72182228894
NYISO,Demand_Growth,2023-03-01,33.73870967741936,314812.481397715
NYISO,Demand_Growth,2023-08-01,34.21290322580644,374672.90935725113
NYISO,Demand_Growth,2023-09-01,33.89,340505.02030417847
NYISO,Storage_Focus,2024-11-01,34.95333333333334,362131.2711210619
SPP,Baseline,2023-02-01,48.83928571428571,505893.1162695169
SPP,Renewable_Push,2024-03-01,52.51935483870967,617684.7635875772
SPP,Renewable_Push,2025-05-01,53.08387096774193,550807.4294170792
SPP,Renewable_Push,2025-11-01,52.24666666666668,577852.3933273702
SPP,Carbon_Tax,2024-04-01,51.44666666666665,528923.4526477319
SPP,Demand_Growth,2025-10-01,50.245161290322585,542534.1357237065
SPP,Storage_Focus,2024-03-01,51.78064516129033,582366.7405330106
SPP,Storage_Focus,2025-05-01,52.345161290322594,526577.3405678464
SPP,Storage_Focus,2025-11-01,51.82333333333334,565401.227792819
CAISO,Baseline,2023-11-01,40.716666666666676,514224.26079370803
CAISO,Baseline,2023-12-01,40.58064516129031,520891.7190801546
CAISO,Baseline,2024-10-01,40.81935483870968,578926.2475259963
CAISO,Baseline,2025-06-01,41.50333333333333,518995.83442374744
CAISO,Baseline,2025-08-01,41.258064516129046,519064.2775888679
CAISO,Renewable_Push,2024-05-01,44.69677419354838,616773.6306265364
CAISO,Renewable_Push,2025-01-01,43.85483870967742,595733.6743630077
CAISO,Renewable_Push,2025-04-01,44.46999999999999,586736.5907828143
CAISO,Carbon_Tax,2025-10-01,43.29677419354839,572292.1241009262
CAISO,Demand_Growth,2025-10-01,42.11935483870967,546535.6333600888
CAISO,Storage_Focus,2024-01-01,43.14516129032259,562461.3864723442
CAISO,Storage_Focus,2024-02-01,43.320689655172416,560870.620929038
CAISO,Storage_Focus,2024-07-01,44.322580645161295,602577.518514253
CAISO,Storage_Focus,2024-12-01,43.34838709677419,577611.3607961785
CAISO,Storage_Focus,2025-02-01,43.475,603813.2876667579
CAISO,Storage_Focus,2025-09-01,43.99333333333333,616479.1591993651
CAISO,Storage_Focus,2025-12-01,43.241935483870975,598966.0418951872
ERCOT,Baseline,2023-06-01,34.68666666666666,636147.5137850483
ERCOT,Renewable_Push,2024-05-01,37.72580645161291,671387.4399544555
ERCOT,Renewable_Push,2025-01-01,36.79677419354838,740106.0655171007
ERCOT,Renewable_Push,2025-04-01,37.57666666666667,678110.5942207098
ERCOT,Carbon_Tax,2024-05-01,36.699999999999996,669743.365788256
ERCOT,Carbon_Tax,2025-01-01,35.90000000000001,693140.6725682223
ERCOT,Carbon_Tax,2025-04-01,36.580000000000005,540845.421980539
ERCOT,Demand_Growth,2023-06-01,35.90333333333333,555382.8068506464
ERCOT,Storage_Focus,2024-03-01,36.57096774193548,617964.9565265373
ERCOT,Storage_Focus,2025-05-01,37.10967741935483,605417.4282285945
ERCOT,Storage_Focus,2025-11-01,36.49666666666666,623916.5679010743
PJM,Baseline,2023-04-01,26.533333333333335,622675.6959114273
PJM,Baseline,2023-10-01,26.39677419354838,750536.5583323211
PJM,Baseline,2024-09-01,26.58666666666667,719326.735890441
PJM,Renewable_Push,2023-11-01,28.99666666666667,773080.2867883657
PJM,Renewable_Push,2023-12-01,28.89354838709678,707081.7722412641
PJM,Renewable_Push,2024-10-01,29.196774193548386,822076.1671700684
PJM,Renewable_Push,2025-06-01,29.776666666666657,654391.6792305899
PJM,Renewable_Push,2025-08-01,29.687096774193545,826882.1065092429
PJM,Demand_Growth,2023-02-01,27.114285714285707,590492.3374914989
PJM,Storage_Focus,2023-06-01,29.193333333333335,648227.8474054745
NYISO,Baseline,2023-06-01,33.173333333333325,374163.67476120713
NYISO,Renewable_Push,2023-07-01,36.34838709677419,389160.2748071764
NYISO,Renewable_Push,2025-03-01,35.66451612903226,344429.6246609658
NYISO,Carbon_Tax,2023-07-01,35.18387096774193,370360.0115991862
NYISO,Carbon_Tax,2025-03-01,34.67096774193549,341507.0317861446
NYISO,Demand_Growth,2024-08-01,33.93225806451613,402401.65050055983
NYISO,Demand_Growth,2025-07-01,34.27096774193548,353114.7078377109
NYISO,Storage_Focus,2023-02-01,35.14999999999999,301715.56505048287
SPP,Baseline,2024-11-01,48.836666666666666,475239.2289665843
SPP,Renewable_Push,2023-05-01,52.95483870967741,595802.5931270127
SPP,Carbon_Tax,2023-04-01,51.553333333333335,615340.6845006242
SPP,Carbon_Tax,2023-10-01,51.46774193548387,535835.8528452954
SPP,Carbon_Tax,2024-09-01,51.673333333333325,549540.7461116536
SPP,Demand_Growth,2024-05-01,50.75483870967741,530412.0673038554
SPP,Demand_Growth,2025-01-01,49.8258064516129,527315.6500554676
SPP,Demand_Growth,2025-04-01,50.583333333333336,580442.5438689091
SPP,Storage_Focus,2023-05-01,52.26129032258065,514598.46690975537
